"category","subcategory","ID","Description","GeneRatio","BgRatio","RichFactor","FoldEnrichment","zScore","pvalue","p.adjust","qvalue","geneID","Count"
"Human Diseases","Infectious disease: bacterial","hsa05132","Salmonella infection","88/1767","248/9382",0.354838709677419,1.88403892144513,6.7963324034036,2.71292966089018e-10,9.46812451650674e-08,5.25451639582941e-08,"ACTB/ACTG1/ACTR1A/ACTR1B/ACTR3C/AHNAK/AKT3/ARF1/ARL8A/ARL8B/ARPC2/ARPC3/ARPC4/ARPC5L/BAX/BIRC3/CDC42/CTNNB1/CXCL8/CYCS/CYTH3/CYTH4/DCTN4/DYNC1I1/DYNC1LI1/DYNC2LI1/ELMO2/EXOC2/EXOC5/FLNA/GAPDH/GCC2/HSP90AA1/HSP90AB1/HSP90B1/IKBKB/IRAK1/IRAK4/KIF5A/KIF5B/KPNA3/MAP2K2/MAP2K3/MAP2K6/MYC/MYD88/MYL12A/NAIP/NCKAP1L/NFKB1/NFKBIA/NLRP3/NOD1/PFN1/PIK3C3/PIK3CA/PIK3CB/PIK3CD/PKN1/PLEKHM2/PODXL/RAB5A/RAB5C/RAB7A/RAB9B/RAC1/RALA/RHOA/RHOB/RHOG/RHOH/RIPK2/ROCK2/S100A10/SNX9/TAB1/TCF7/TNF/TNFRSF10B/TNFSF10/TRAF6/TUBB1/TUBB2A/TUBB4B/TUBB6/TXN/TXN2/VPS41",88
"Human Diseases","Infectious disease: viral","hsa05169","Epstein-Barr virus infection","74/1767","205/9382",0.360975609756098,1.91662318660538,6.39183112779721,3.07917939803234e-09,5.37316804956644e-07,2.98194215388395e-07,"ADRM1/AKT3/APAF1/B2M/BAX/CALR/CD3E/CD44/CDKN1B/CYCS/EIF2AK2/FAS/GADD45A/GADD45B/GADD45G/HDAC1/HLA-A/HLA-B/HLA-DRB5/HLA-G/ICAM1/IFNAR1/IFNAR2/IKBKB/IRAK1/IRAK4/IRF7/IRF9/ISG15/JAK3/MAP2K3/MAP2K6/MAVS/MYC/MYD88/NEDD4/NFKB1/NFKB2/NFKBIA/NFKBIB/NFKBIE/OAS3/PDIA3/PIK3CA/PIK3CB/PIK3CD/PIK3R1/PIK3R3/POLK/PSMC1/PSMC3/PSMC4/PSMC5/PSMD13/PSMD3/PSMD4/PSMD6/PSMD7/PSMD8/RAC1/RELB/RUNX3/SAP30L/STAT1/STAT3/TAB1/TAP1/TAP2/TAPBP/TNF/TNFAIP3/TRAF5/TRAF6/VIM",74
"Human Diseases","Infectious disease: viral","hsa05163","Human cytomegalovirus infection","79/1767","227/9382",0.348017621145374,1.84782191374414,6.22868374830935,6.21957298316594e-09,7.23543657041638e-07,4.01544361018433e-07,"ADCY6/ADCY9/AKT3/ARHGEF11/ARHGEF12/ATF4/B2M/BAX/CALM1/CALR/CCL3/CCL5/CREB1/CREB3L4/CREB5/CRKL/CTNNB1/CXCL8/CYCS/FAS/GNA11/GNA13/GNAI1/GNAI2/GNAI3/GNAS/GNB1/GNB4/GNG11/GNG5/GNG7/GRB2/HLA-A/HLA-B/HLA-G/IKBKB/IL10RA/IL10RB/IL6R/ITPR1/ITPR3/KRAS/MAP2K2/MAP2K6/MYC/NFATC2/NFATC4/NFKB1/NFKBIA/NRAS/PDIA3/PIK3CA/PIK3CB/PIK3CD/PIK3R1/PIK3R3/PLCB2/PLCB3/PPP3CB/PPP3R1/PRKACB/PRKCA/PRKCG/PTGER4/PTGS2/RAC1/RHOA/ROCK2/RPS6KB2/SOS1/SOS2/STAT3/TAP1/TAP2/TAPBP/TNF/TRAF5/TSC1/VEGFA",79
"Human Diseases","Neurodegenerative disease","hsa05017","Spinocerebellar ataxia","55/1767","144/9382",0.381944444444444,2.02795856127775,5.9879168899687,3.59837666736604e-08,3.13958364227687e-06,1.74237185998776e-06,"ADRM1/AFG3L2/AKT3/ATG13/ATG2B/ATP2A2/ATXN1L/ATXN2/ATXN2L/ATXN3/CACNA1A/CYCS/GTF2B/ITPR1/ITPR3/MAP3K5/NFYA/OMA1/OPA1/PIK3C3/PIK3CA/PIK3CB/PIK3CD/PIK3R1/PIK3R3/PLCB2/PLCB3/PPIF/PRKCA/PRKCG/PSMA1/PSMA2/PSMB1/PSMB2/PSMB3/PSMB4/PSMB6/PSMB7/PSMC1/PSMC3/PSMC4/PSMC5/PSMD13/PSMD3/PSMD4/PSMD6/PSMD7/PSMD8/PSMD9/PUM2/RORA/SLC1A6/SLC25A5/ULK2/VDAC1",55
"Human Diseases","Infectious disease: viral","hsa05164","Influenza A","61/1767","173/9382",0.352601156069364,1.87215848683802,5.57725003875599,1.96863751097903e-07,1.35171926207877e-05,7.50162401515591e-06,"ACTB/ACTG1/ADAR/AKT3/APAF1/BAX/CALCOCO2/CCL5/CXCL8/CYCS/DNAJB1/EIF2AK2/FAS/HLA-DRB5/HNRNPUL1/ICAM1/IFIH1/IFNAR1/IFNAR2/IFNGR2/IKBKB/IRAK4/IRF7/IRF9/JAK2/KPNA2/KPNA6/MAP2K2/MAVS/MX1/MX2/MYD88/NFKB1/NFKBIA/NFKBIB/NLRP3/NXF1/NXT1/OAS3/PABPN1/PIK3CA/PIK3CB/PIK3CD/PIK3R1/PIK3R3/PRKCA/RAB11B/RAE1/RNASEL/SLC25A5/SOCS3/STAT1/TICAM1/TNF/TNFRSF10B/TNFSF10/TPSAB1/TPSB2/TPSD1/TRIM25/VDAC1",61
"Human Diseases","Neurodegenerative disease","hsa05022","Pathways of neurodegeneration - multiple diseases","135/1767","480/9382",0.28125,1.49331494057725,5.34452338110889,2.32387265686895e-07,1.35171926207877e-05,7.50162401515591e-06,"ACTR1A/ACTR1B/ADRM1/ALS2/APAF1/APC2/ATF4/ATG13/ATG2B/ATP2A2/ATXN1L/ATXN2/ATXN2L/ATXN3/BAX/CACNA1D/CACNA1F/CALM1/CAT/CHMP2B/CHRM3/COX4I1/COX5A/COX6A1/COX6B1/COX6C/COX7A2/COX7B/COX8A/CSF1/CSNK1A1/CSNK2B/CTNNB1/CYC1/CYCS/DCTN4/DDIT3/DERL1/DNAH2/DVL2/FAS/FZD1/FZD3/FZD4/FZD8/GPX1/GPX7/HAP1/HSPA5/IFT57/ITPR1/ITPR3/KIF5A/KIF5B/KRAS/LRP5/LRRK2/MAP1LC3B/MAP2K2/MAP2K3/MAP2K6/MAP3K10/MAP3K5/NDUFA4/NDUFA6/NDUFB11/NDUFB9/NDUFS6/NDUFV1/NDUFV2/NDUFV3/NEFH/NFKB1/NRAS/PARK7/PIK3C3/PINK1/PLCB2/PLCB3/PPIF/PPP3CB/PPP3R1/PRKCA/PRKCG/PSMA1/PSMA2/PSMB1/PSMB2/PSMB3/PSMB4/PSMB6/PSMB7/PSMC1/PSMC3/PSMC4/PSMC5/PSMD13/PSMD3/PSMD4/PSMD6/PSMD7/PSMD8/PSMD9/PTGS2/RAB1A/RAB39B/RAB5A/RAC1/RPS27A/RYR3/SDHB/SLC25A5/SMCR8/SPG11/SQSTM1/STX1A/TANK/TNF/TOMM40/TUBB1/TUBB2A/TUBB4B/TUBB6/UBA52/UBB/UBC/UBE2J1/UBE2L6/UCHL1/ULK2/UQCRB/UQCRC1/UQCRFS1/VAPB/VDAC1",135
"Genetic Information Processing","Folding, sorting and degradation","hsa03050","Proteasome","24/1767","46/9382",0.521739130434783,2.77020742599838,5.79736362829344,3.66789763309158e-07,1.81344684818848e-05,1.00640693731468e-05,"ADRM1/POMP/PSMA1/PSMA2/PSMB1/PSMB2/PSMB3/PSMB4/PSMB6/PSMB7/PSMC1/PSMC3/PSMC4/PSMC5/PSMD13/PSMD3/PSMD4/PSMD6/PSMD7/PSMD8/PSMD9/PSME1/PSME2/PSME3",24
"Human Diseases","Cancer: overview","hsa05205","Proteoglycans in cancer","68/1767","204/9382",0.333333333333333,1.76985474438785,5.35497856141393,4.56359596763862e-07,1.81344684818848e-05,1.00640693731468e-05,"ACTB/ACTG1/AKT3/ANK1/ANK2/ARHGEF12/CD44/CD63/CDC42/CTNNB1/DROSHA/ERBB2/EZR/FAS/FGFR1/FLNA/FRS2/FZD1/FZD3/FZD4/FZD8/GAB1/GRB2/HBEGF/HIF1A/IGF1R/IQGAP1/ITGA2/ITPR1/ITPR3/KRAS/MAP2K2/MMP2/MSN/MYC/NRAS/PIK3CA/PIK3CB/PIK3CD/PIK3R1/PIK3R3/PLAU/PLAUR/PPP1CA/PPP1CC/PPP1R12B/PRKACB/PRKCA/PRKCG/PTCH1/PTPN6/RAC1/RHOA/ROCK2/RPS6KB2/RRAS2/SDC4/SMAD2/SMO/SOS1/SOS2/STAT3/TFAP4/TGFB1/THBS1/TNF/VAV1/VEGFA",68
"Human Diseases","Cardiovascular disease","hsa05417","Lipid and atherosclerosis","71/1767","216/9382",0.328703703703704,1.74527342849358,5.33777760785021,4.67651049676113e-07,1.81344684818848e-05,1.00640693731468e-05,"ABCA1/AKT3/APAF1/ATF4/BAX/CALM1/CCL3/CCL5/CDC42/CXCL1/CXCL2/CXCL3/CXCL8/CYBA/CYCS/DDIT3/ERO1A/FAS/HSP90AA1/HSP90AB1/HSP90B1/HSPA1B/HSPA1L/HSPA2/HSPA5/ICAM1/IKBKB/IRAK1/IRAK4/IRF7/ITPR1/JAK2/KRAS/LDLR/MAP2K3/MAP2K6/MAP3K5/MIB1/MYD88/NFATC2/NFE2L2/NFKB1/NFKBIA/NLRP3/NRAS/PIK3CA/PIK3CB/PIK3CD/PIK3R1/PIK3R3/PLCB2/PLCB3/POU2F1/PPP3CB/PPP3R1/PRKCA/RAC1/RAP1A/RHOA/ROCK2/RXRB/SELP/STAT3/TAB1/TANK/TICAM1/TNF/TNFRSF10B/TNFSF10/TRAF6/VAV1",71
"Human Diseases","Infectious disease: viral","hsa05171","Coronavirus disease","76/1767","239/9382",0.317991631799163,1.68839699464615,5.19279819468008,8.1599289776314e-07,2.78032769954363e-05,1.54299591831105e-05,"ADAR/C3AR1/C5/C5AR1/CXCL8/EIF2AK2/F13A1/FAU/HBEGF/IFIH1/IFNAR1/IFNAR2/IKBKB/IL6R/IRAK1/IRAK4/IRF9/ISG15/MAVS/MX1/MX2/MYD88/NFKB1/NFKBIA/NFKBIB/NLRP3/OAS3/PIK3CA/PIK3CB/PIK3CD/PIK3R1/PIK3R3/PRKCA/PRKCG/RPL10/RPL10A/RPL13A/RPL14/RPL18/RPL19/RPL23/RPL23A/RPL24/RPL26/RPL27/RPL27A/RPL28/RPL32/RPL35/RPL37/RPL37A/RPL4/RPL6/RPL7/RPL7A/RPL8/RPLP1/RPLP2/RPS15/RPS16/RPS19/RPS2/RPS27A/RPS27L/RPS29/RPS5/RPS7/RPS8/RPSA/SELP/STAT1/STAT3/TNF/TRAF6/UBA52/VWF",76
"Human Diseases","Neurodegenerative disease","hsa05012","Parkinson disease","83/1767","268/9382",0.309701492537313,1.64437996773349,5.155405191577,8.76321051432091e-07,2.78032769954363e-05,1.54299591831105e-05,"ADRM1/APAF1/ATF4/BAX/CALM1/COX4I1/COX5A/COX6A1/COX6B1/COX6C/COX7A2/COX7B/COX8A/CYC1/CYCS/DDIT3/GNAI1/GNAI2/GNAI3/GNAS/HSPA5/ITPR1/ITPR3/KIF5A/KIF5B/LRRK2/MAP3K5/NDUFA4/NDUFA6/NDUFB11/NDUFB9/NDUFS6/NDUFV1/NDUFV2/NDUFV3/NFE2L2/PARK7/PINK1/PPIF/PRKACB/PSMA1/PSMA2/PSMB1/PSMB2/PSMB3/PSMB4/PSMB6/PSMB7/PSMC1/PSMC3/PSMC4/PSMC5/PSMD13/PSMD3/PSMD4/PSMD6/PSMD7/PSMD8/PSMD9/RPS27A/RYR3/SDHB/SLC18A2/SLC25A5/SLC39A4/SLC39A7/SLC39A9/TUBB1/TUBB2A/TUBB4B/TUBB6/TXN/TXN2/UBA52/UBB/UBC/UBE2J1/UBE2L6/UCHL1/UQCRB/UQCRC1/UQCRFS1/VDAC1",83
"Human Diseases","Neurodegenerative disease","hsa05014","Amyotrophic lateral sclerosis","106/1767","368/9382",0.28804347826087,1.52938534976994,4.99051011090827,1.43415371651774e-06,4.17099705887243e-05,2.31477441964267e-05,"ACTB/ACTG1/ACTR1A/ACTR1B/ADRM1/ALS2/ALYREF/APAF1/ATF4/ATG13/ATG2B/ATXN2/ATXN2L/BAX/CAT/CHMP2B/COX4I1/COX5A/COX6A1/COX6B1/COX6C/COX7A2/COX7B/COX8A/CYC1/CYCS/DCTN4/DDIT3/DERL1/DNAH2/GLE1/GPX1/GPX7/HAP1/HSPA5/ITPR3/KIF5A/KIF5B/MAP1LC3B/MAP2K3/MAP2K6/MAP3K5/NDUFA4/NDUFA6/NDUFB11/NDUFB9/NDUFS6/NDUFV1/NDUFV2/NDUFV3/NEFH/NRG4/NUP35/NUP43/NUP93/NXF1/NXT1/PFN1/PIK3C3/PINK1/POM121/PPP3CB/PPP3R1/PSMA1/PSMA2/PSMB1/PSMB2/PSMB3/PSMB4/PSMB6/PSMB7/PSMC1/PSMC3/PSMC4/PSMC5/PSMD13/PSMD3/PSMD4/PSMD6/PSMD7/PSMD8/PSMD9/RAB1A/RAB39B/RAB5A/RAC1/RAE1/SDHB/SEC13/SMCR8/SPG11/SQSTM1/TANK/TNF/TOMM40/TUBB1/TUBB2A/TUBB4B/TUBB6/UBQLN1/ULK2/UQCRB/UQCRC1/UQCRFS1/VAPB/VDAC1",106
"Cellular Processes","Cell growth and death","hsa04218","Cellular senescence","54/1767","157/9382",0.343949044585987,1.82621954516453,5.02886517425524,2.3553776056404e-06,6.32328295668076e-05,3.50922655415249e-05,"AKT3/ATM/ATR/BTRC/CACNA1D/CALM1/CXCL8/ETS1/GADD45A/GADD45B/GADD45G/HLA-A/HLA-B/HLA-G/HUS1/ITPR1/ITPR3/KRAS/LIN9/MAP2K2/MAP2K3/MAP2K6/MAPKAPK2/MRE11/MYC/NFATC2/NFATC4/NFKB1/NRAS/PIK3CA/PIK3CB/PIK3CD/PIK3R1/PIK3R3/PPP1CA/PPP1CC/PPP3CB/PPP3R1/RAD9B/RASSF5/RBL1/RBL2/RRAS2/SERPINE1/SLC25A5/SMAD2/SMAD3/SQSTM1/TGFB1/TRPM7/TSC1/VDAC1/ZFP36L1/ZFP36L2",54
"Human Diseases","Cancer: specific types","hsa05211","Renal cell carcinoma","30/1767","70/9382",0.428571428571429,2.27552752849867,5.15970962393965,2.98322376651898e-06,7.43675067510804e-05,4.12716671458266e-05,"AKT3/ARNT/CDC42/CRKL/CUL2/EGLN3/ELOC/ETS1/FLCN/GAB1/GRB2/HIF1A/KRAS/MAP2K2/NRAS/PIK3CA/PIK3CB/PIK3CD/PIK3R1/PIK3R3/RAC1/RAP1A/RAPGEF1/SLC2A1/SOS1/SOS2/TFE3/TGFB1/VEGFA/VHL",30
"Human Diseases","Infectious disease: viral","hsa05168","Herpes simplex virus 1 infection","59/1767","180/9382",0.327777777777778,1.74035716531472,4.83108090871594,4.76152710249139e-06,0.000110784863917966,6.14821745163801e-05,"AKT3/ALYREF/APAF1/B2M/BAX/BIRC3/C5/CALR/CCL5/CYCS/EIF2AK2/EIF2B2/FAS/HLA-A/HLA-B/HLA-DRB5/HLA-G/IFIH1/IFNAR1/IFNAR2/IFNGR2/IKBKB/IRAK1/IRAK4/IRF7/IRF9/JAK2/MAVS/MYD88/NECTIN2/NFKB1/NFKBIA/NXF1/OAS3/PDIA3/PIK3CA/PIK3CB/PIK3CD/PIK3R1/PIK3R3/POU2F1/PPP1CA/PPP1CC/RNASEL/SOCS3/SRSF2/SRSF9/STAT1/TAB1/TAP1/TAP2/TAPBP/TICAM1/TNF/TNFRSF14/TRAF5/TRAF6/TSC1/ZC3HAV1",59
"Cellular Processes","Transport and catabolism","hsa04144","Endocytosis","76/1767","250/9382",0.304,1.61410752688172,4.74066604051073,5.43940488755668e-06,0.00011864701910983,6.58454275862124e-05,"ACTR3C/AP2A1/ARAP1/ARF1/ARF3/ARF4/ARF5/ARPC2/ARPC3/ARPC4/ARPC5L/ARRB2/CBLB/CDC42/CHMP2A/CHMP2B/CHMP4B/CHMP4C/CHMP6/CLTA/CLTB/CLTCL1/CYTH3/CYTH4/DAB2/DNAJC6/DNM3/EEA1/EHD1/GBF1/GRK5/HLA-A/HLA-B/HLA-G/HSPA1B/HSPA1L/IGF1R/IL2RA/IL2RG/IQSEC2/KIF5A/KIF5B/LDLR/LDLRAP1/NEDD4/PARD3/PDCD6IP/PIP5K1B/PRKCZ/RAB10/RAB11B/RAB11FIP1/RAB11FIP3/RAB11FIP5/RAB35/RAB5A/RAB5C/RAB7A/RABEP1/RHOA/SH3GL1/SMAD2/SMAD3/SMAP2/SMURF1/SNF8/SNX1/STAM2/TRAF6/VPS29/VPS36/VPS4A/WASHC4/WIPF1/ZFYVE16/ZFYVE9",76
"Organismal Systems","Immune system","hsa04625","C-type lectin receptor signaling pathway","39/1767","105/9382",0.371428571428571,1.97212385803218,4.82525602775177,7.54534229008935e-06,0.000154901438778893,8.59655096827517e-05,"AKT3/ARHGEF12/BCL3/CALM1/CBLB/CLEC7A/CYLD/EGR2/IKBKB/IL23A/IRF1/IRF9/ITPR1/ITPR3/KRAS/KSR1/LSP1/MAPKAPK2/NFATC2/NFATC4/NFKB1/NFKB2/NFKBIA/NLRP3/NRAS/PIK3CA/PIK3CB/PIK3CD/PIK3R1/PIK3R3/PLK3/PPP3CB/PPP3R1/PTGS2/RELB/RHOA/RRAS2/STAT1/TNF",39
"Genetic Information Processing","Folding, sorting and degradation","hsa04141","Protein processing in endoplasmic reticulum","57/1767","175/9382",0.325714285714286,1.72940092165899,4.69174229457427,8.52161293574398e-06,0.000161465931131047,8.96085999943076e-05,"AMFR/ATF4/ATXN3/BAG1/BAX/CALR/CKAP4/CUL1/DDIT3/DDOST/DERL1/DERL2/DNAJA1/DNAJB1/DNAJB11/DNAJB12/EDEM3/ERO1A/GANAB/HERPUD1/HSP90AA1/HSP90AB1/HSP90B1/HSPA1B/HSPA1L/HSPA5/LMAN2/MAGT1/MAP3K5/MBTPS2/NFE2L2/NGLY1/NPLOC4/OS9/OST4/PDIA3/PLAA/PPP1R15A/PREB/PRKCSH/RAD23B/RNF185/RPN1/RPN2/SEC13/SEC24A/SEC61B/SEC61G/SEL1L/SSR4/UBE2D1/UBE2D2/UBE2D3/UBE2J1/UBQLN1/UBXN2A/YOD1",57
"Human Diseases","Infectious disease: bacterial","hsa05131","Shigellosis","76/1767","253/9382",0.300395256916996,1.59496791193846,4.62115025585358,8.79040885813725e-06,0.000161465931131047,8.96085999943076e-05,"ACTB/ACTG1/ACTR3C/AKT3/ARF1/ARPC2/ARPC3/ARPC4/ARPC5L/ATM/BAX/BTRC/CALCOCO2/CAPNS1/CCL5/CD44/CDC42/CRKL/CUL1/CXCL8/CYCS/CYTH3/CYTH4/DOCK1/ELMO2/GLMN/GSK3A/IKBKB/ITPR1/ITPR3/MAP1LC3B/MYD88/MYL12A/NAIP/NFKB1/NFKBIA/NFKBIB/NLRP3/NOD1/PFN1/PIK3C3/PIK3CA/PIK3CB/PIK3CD/PIK3R1/PIK3R3/PLCB2/PLCB3/PLCD1/PLCD3/PRKCQ/RAC1/RHOA/RIPK2/RNF31/ROCK2/RPS27A/RPS6KB2/RRAGB/SQSTM1/TAB1/TIFA/TLN2/TNF/TNIP1/TRAF5/TRAF6/UBA52/UBB/UBC/UBE2D1/UBE2D2/UBE2D3/UBE2N/UBE2NL/VDAC1",76
"Human Diseases","Infectious disease: viral","hsa05167","Kaposi sarcoma-associated herpesvirus infection","62/1767","196/9382",0.316326530612245,1.67955603293949,4.63124734579905,1.00033771417558e-05,0.000174558931123638,9.6874810214898e-05,"AKT3/BAX/CALM1/CLEC2B/CREB1/CTNNB1/CXCL1/CXCL2/CXCL3/CXCL8/CYCS/EIF2AK2/FAS/GNB1/GNB4/GNG11/GNG5/GNG7/HIF1A/HLA-A/HLA-B/HLA-G/ICAM1/IFNAR1/IFNAR2/IKBKB/IRF7/IRF9/ITPR1/ITPR3/JAK2/KRAS/MAP1LC3B/MAP2K2/MAP2K6/MAPKAPK2/MYC/NFATC2/NFATC4/NFKB1/NFKBIA/NRAS/PIK3C3/PIK3CA/PIK3CB/PIK3CD/PIK3R1/PIK3R3/PPP3CB/PPP3R1/PTGS2/RAC1/RPS27A/STAT1/STAT3/TCF7/TICAM1/UBA52/UBB/UBC/VEGFA/ZFP36",62
"Human Diseases","Neurodegenerative disease","hsa05010","Alzheimer disease","107/1767","388/9382",0.275773195876289,1.46423549728995,4.49868573152741,1.12246659433388e-05,0.00018654325782025,0.000103525741031295,"ADRM1/AKT3/APAF1/APC2/APH1A/ATF4/ATG13/ATG2B/ATP2A2/BACE2/CACNA1D/CACNA1F/CALM1/CHRM3/COX4I1/COX5A/COX6A1/COX6B1/COX6C/COX7A2/COX7B/COX8A/CSF1/CSNK1A1/CSNK2B/CTNNB1/CYC1/CYCS/DDIT3/DVL2/EIF2AK2/FAS/FZD1/FZD3/FZD4/FZD8/GAPDH/IKBKB/INSR/ITPR1/ITPR3/KIF5A/KIF5B/KRAS/LRP1/LRP5/MAP2K2/MAP3K5/MME/NDUFA4/NDUFA6/NDUFB11/NDUFB9/NDUFS6/NDUFV1/NDUFV2/NDUFV3/NFKB1/NRAS/PIK3C3/PIK3CA/PIK3CB/PIK3CD/PIK3R1/PIK3R3/PLCB2/PLCB3/PPIF/PPP3CB/PPP3R1/PSMA1/PSMA2/PSMB1/PSMB2/PSMB3/PSMB4/PSMB6/PSMB7/PSMC1/PSMC3/PSMC4/PSMC5/PSMD13/PSMD3/PSMD4/PSMD6/PSMD7/PSMD8/PSMD9/PTGS2/RTN4/RYR3/SDHB/SLC25A5/SLC39A4/SLC39A7/SLC39A9/TNF/TUBB1/TUBB2A/TUBB4B/TUBB6/ULK2/UQCRB/UQCRC1/UQCRFS1/VDAC1",107
"Human Diseases","Infectious disease: viral","hsa05165","Human papillomavirus infection","94/1767","333/9382",0.282282282282282,1.49879590966178,4.46429201865884,1.40273315969198e-05,0.000222524487605682,0.000123494211188193,"AKT3/APC2/ATM/ATP6AP1/ATP6V0A2/ATP6V0D1/ATP6V1C1/ATP6V1G1/ATP6V1H/ATR/BAX/CDC42/CDKN1B/CHD4/COL4A5/COL6A1/COL6A2/COL6A3/COL9A2/CREB1/CREB3L4/CREB5/CSNK1A1/CTNNB1/DLG1/DLG2/DVL2/EIF2AK2/FAS/FZD1/FZD3/FZD4/FZD8/GNAS/GRB2/HDAC1/HES4/HEYL/HLA-A/HLA-B/HLA-G/IFNAR1/IFNAR2/IKBKB/IRF1/IRF9/ISG15/ITGA2/ITGA4/ITGA6/ITGB4/KRAS/LAMB2/LFNG/MAML3/MAP2K2/MX1/MX2/NFKB1/NOTCH2/NRAS/OASL/PARD3/PATJ/PIK3CA/PIK3CB/PIK3CD/PIK3R1/PIK3R3/PPP2CA/PPP2R1A/PPP2R3A/PPP2R5A/PPP2R5C/PRKACB/PRKCZ/PSMC1/PTGER4/PTGS2/RBL1/RBL2/RPS6KB2/SOS1/SOS2/SPP1/STAT1/TCF7/THBS1/TICAM1/TNF/TNXB/TSC1/VEGFA/VWF",94
"Organismal Systems","Immune system","hsa04621","NOD-like receptor signaling pathway","59/1767","187/9382",0.315508021390374,1.67521010565053,4.49253799717667,1.77719182552611e-05,0.000245167167340198,0.000136060198433408,"ANTXR2/BIRC3/CARD8/CCL5/CXCL1/CXCL2/CXCL3/CXCL8/CYBA/DHX33/GBP1/GBP2/GBP5/GPSM3/HSP90AA1/HSP90AB1/IFNAR1/IFNAR2/IKBKB/IRAK4/IRF7/IRF9/IRGM/ITPR1/ITPR3/MAP1LC3B/MAVS/MYD88/NAIP/NAMPT/NEK7/NFKB1/NFKBIA/NFKBIB/NLRP3/NOD1/OAS3/P2RX7/PKN1/PLCB2/PLCB3/RHOA/RIPK2/RNASEL/RNF31/STAT1/SUGT1/TAB1/TANK/TICAM1/TNF/TNFAIP3/TRAF5/TRAF6/TRPM7/TXN/TXN2/VDAC1/YWHAE",59
"Human Diseases","Infectious disease: viral","hsa05161","Hepatitis B","53/1767","163/9382",0.325153374233129,1.72642272612066,4.50660201174222,1.84468375007596e-05,0.000245167167340198,0.000136060198433408,"AKT3/APAF1/ATF4/ATP6AP1/BAX/CREB1/CREB3L4/CREB5/CXCL8/CYCS/EGR2/FAS/GRB2/IFIH1/IFNAR1/IKBKB/IRAK1/IRAK4/IRF7/JAK2/JAK3/KRAS/MAP2K2/MAP2K3/MAP2K6/MAVS/MYC/MYD88/NFATC2/NFATC4/NFKB1/NFKBIA/NRAS/PIK3CA/PIK3CB/PIK3CD/PIK3R1/PIK3R3/PRKCA/PRKCG/SMAD3/SMAD4/SOS1/SOS2/STAT1/STAT3/TAB1/TGFB1/TICAM1/TNF/TRAF6/YWHAQ/YWHAZ",53
"Human Diseases","Cancer: overview","hsa05235","PD-L1 expression and PD-1 checkpoint pathway in cancer","34/1767","90/9382",0.377777777777778,2.0058353769729,4.61850533360619,1.88143397204109e-05,0.000245167167340198,0.000136060198433408,"AKT3/CD3E/CSNK2B/EML4/HIF1A/IFNGR2/IKBKB/JAK2/KRAS/MAP2K2/MAP2K3/MAP2K6/MYD88/NFATC2/NFKB1/NFKBIA/NFKBIB/NFKBIE/NRAS/PIK3CA/PIK3CB/PIK3CD/PIK3R1/PIK3R3/PPP3CB/PPP3R1/PRKCQ/PTPN6/RPS6KB2/STAT1/STAT3/TICAM1/TRAF6/ZAP70",34
"Organismal Systems","Nervous system","hsa04722","Neurotrophin signaling pathway","42/1767","120/9382",0.35,1.85834748160724,4.55836671653093,1.88410296069679e-05,0.000245167167340198,0.000136060198433408,"AKT3/ARHGDIA/ATF4/BAX/BEX3/CALM1/CDC42/CRKL/FRS2/GAB1/GRB2/IKBKB/IRAK1/IRAK2/IRAK3/IRAK4/KIDINS220/KRAS/MAP2K2/MAP3K5/MAPKAPK2/MATK/NFKB1/NFKBIA/NFKBIB/NFKBIE/NRAS/PIK3CA/PIK3CB/PIK3CD/PIK3R1/PIK3R3/RAC1/RAP1A/RAPGEF1/RHOA/RIPK2/SH2B3/SOS1/SOS2/TRAF6/YWHAE",42
"Human Diseases","Neurodegenerative disease","hsa05020","Prion disease","80/1767","275/9382",0.290909090909091,1.54460050419303,4.41534462456626,1.89670874446572e-05,0.000245167167340198,0.000136060198433408,"ADRM1/APAF1/ATF4/BAX/C5/CACNA1D/CACNA1F/CCL5/COX4I1/COX5A/COX6A1/COX6B1/COX6C/COX7A2/COX7B/COX8A/CREB1/CREB3L4/CREB5/CSNK2B/CYBA/CYC1/CYCS/DDIT3/HSPA1B/HSPA1L/HSPA5/ITPR1/ITPR3/KIF5A/KIF5B/NDUFA4/NDUFA6/NDUFB11/NDUFB9/NDUFS6/NDUFV1/NDUFV2/NDUFV3/PIK3CA/PIK3CB/PIK3CD/PIK3R1/PIK3R3/PPIF/PPP3CB/PPP3R1/PRKACB/PSMA1/PSMA2/PSMB1/PSMB2/PSMB3/PSMB4/PSMB6/PSMB7/PSMC1/PSMC3/PSMC4/PSMC5/PSMD13/PSMD3/PSMD4/PSMD6/PSMD7/PSMD8/PSMD9/RAC1/RYR3/SDHB/SLC25A5/TNF/TUBB1/TUBB2A/TUBB4B/TUBB6/UQCRB/UQCRC1/UQCRFS1/VDAC1",80
"Human Diseases","Infectious disease: viral","hsa05160","Hepatitis C","51/1767","156/9382",0.326923076923077,1.73581907622655,4.46410607584907,2.23397606832712e-05,0.000271318498488243,0.000150573378741778,"AKT3/APAF1/BAX/CLDN10/CLDN15/CTNNB1/CYCS/EIF2AK2/FAS/GRB2/IFIT1/IFNAR1/IFNAR2/IKBKB/IRF7/IRF9/KRAS/LDLR/MAP2K2/MAVS/MX1/MX2/MYC/NFKB1/NFKBIA/NRAS/OAS3/OCLN/PIK3CA/PIK3CB/PIK3CD/PIK3R1/PIK3R3/PPARA/PPP2CA/PPP2R1A/PSME3/RNASEL/SOCS3/SOS1/SOS2/STAT1/STAT3/TICAM1/TNF/TRAF6/YWHAE/YWHAG/YWHAH/YWHAQ/YWHAZ",51
"Human Diseases","Cancer: specific types","hsa05210","Colorectal cancer","33/1767","87/9382",0.379310344827586,2.01397264016549,4.57687503521523,2.25450901322609e-05,0.000271318498488243,0.000150573378741778,"AKT3/APC2/BAX/CTNNB1/CYCS/GADD45A/GADD45B/GADD45G/GRB2/KRAS/MAP2K2/MSH2/MSH3/MYC/NRAS/PIK3CA/PIK3CB/PIK3CD/PIK3R1/PIK3R3/PMAIP1/POLK/RAC1/RALA/RHOA/RPS6KB2/SMAD2/SMAD3/SMAD4/SOS1/SOS2/TCF7/TGFB1",33
"Human Diseases","Infectious disease: viral","hsa05170","Human immunodeficiency virus 1 infection","65/1767","214/9382",0.303738317757009,1.61271810820388,4.36755305078327,2.64041214996442e-05,0.000292872780215172,0.00016253533874104,"AKT3/ATM/ATR/B2M/BAX/BTRC/CALM1/CALR/CD3E/CFL1/CFL2/CRKL/CUL1/CUL4B/CYCS/ELOC/FAS/GNA11/GNAI1/GNAI2/GNAI3/GNB1/GNB4/GNG11/GNG5/GNG7/HLA-A/HLA-B/HLA-G/IKBKB/IRAK1/IRAK4/ITPR1/ITPR3/KRAS/MAP2K2/MAP2K3/MAP2K6/MYD88/NFATC2/NFATC4/NFKB1/NFKBIA/NRAS/PDIA3/PIK3CA/PIK3CB/PIK3CD/PIK3R1/PIK3R3/PPP3CB/PPP3R1/PRKCA/PRKCG/RAC1/RNF7/RPS6KB2/SAMHD1/TAB1/TAP1/TAP2/TAPBP/TNF/TRAF5/TRAF6",65
"Environmental Information Processing","Signal transduction","hsa04066","HIF-1 signaling pathway","39/1767","110/9382",0.354545454545455,1.88248186448526,4.48459583400194,2.64522928142503e-05,0.000292872780215172,0.00016253533874104,"AKT3/ALDOA/ARNT/CDKN1B/CUL2/EGLN3/ELOC/ENO1/ENO2/ERBB2/GAPDH/HIF1A/IFNGR2/IGF1R/IL6R/INSR/LDHB/MAP2K2/MKNK2/NFKB1/PDK1/PFKFB3/PFKL/PGK1/PIK3CA/PIK3CB/PIK3CD/PIK3R1/PIK3R3/PRKCA/PRKCG/RPS6KB2/SERPINE1/SLC2A1/STAT3/TEK/TIMP1/VEGFA/VHL",39
"Cellular Processes","Transport and catabolism","hsa04140","Autophagy - animal","54/1767","169/9382",0.319526627218935,1.69654715142504,4.40150526930177,2.68536646615631e-05,0.000292872780215172,0.00016253533874104,"AKT3/ATG13/ATG16L2/ATG2B/ATG4C/ATG4D/ATG9B/CALCOCO2/DAPK1/DAPK2/GORASP2/HIF1A/IGF1R/ITPR1/KRAS/LAMP1/MAP1LC3B/MAP2K2/MTMR14/NBR1/NRAS/PIK3C3/PIK3CA/PIK3CB/PIK3CD/PIK3R1/PIK3R3/PPP2CA/PRKACB/PRKCQ/RAB1A/RAB39B/RAB7A/RPS27A/RPS6KB2/RRAGB/RRAS2/SMCR8/SQSTM1/STK11/STX17/STX7/TANK/TAX1BP1/TRAF6/TSC1/UBA52/UBB/UBC/ULK2/VMP1/VPS41/WDFY3/YKT6",54
"Human Diseases","Cancer: specific types","hsa05225","Hepatocellular carcinoma","54/1767","170/9382",0.317647058823529,1.68656746229901,4.35149613883641,3.22788729692626e-05,0.000341373535341596,0.000189451758416087,"ACTB/ACTG1/AKT3/APC2/ARID1B/BAX/CSNK1A1/CTNNB1/DPF1/DVL2/FZD1/FZD3/FZD4/FZD8/GAB1/GADD45A/GADD45B/GADD45G/GRB2/GSTA4/GSTO2/GSTP1/IGF1R/KRAS/LRP5/MAP2K2/MGST1/MYC/NFE2L2/NQO1/NRAS/PIK3CA/PIK3CB/PIK3CD/PIK3R1/PIK3R3/POLK/PRKCA/PRKCG/RPS6KB2/SMAD2/SMAD3/SMAD4/SMARCA2/SMARCB1/SMARCC1/SMARCC2/SMARCD1/SMARCD3/SOS1/SOS2/TCF7/TGFB1/TXNRD2",54
"Environmental Information Processing","Signal transduction","hsa04668","TNF signaling pathway","41/1767","119/9382",0.34453781512605,1.82934566016559,4.38572214751412,3.5958845281629e-05,0.000369106970684957,0.000204842957641478,"AKT3/ATF4/BAG4/BCL3/BIRC3/CCL5/CEBPB/CREB1/CREB3L4/CREB5/CSF1/CXCL1/CXCL2/CXCL3/CYLD/DAB2IP/FAS/ICAM1/IKBKB/IRF1/JUNB/LIF/MAP2K3/MAP2K6/MAP3K5/MAP3K8/NFKB1/NFKBIA/PGAM5/PIK3CA/PIK3CB/PIK3CD/PIK3R1/PIK3R3/PTGS2/SOCS3/TAB1/TNF/TNFAIP3/TRAF1/TRAF5",41
"Environmental Information Processing","Signal transduction","hsa04015","Rap1 signaling pathway","64/1767","212/9382",0.30188679245283,1.60288731567202,4.27688229625832,3.74146286852892e-05,0.000373077297461884,0.000207046366258443,"ACTB/ACTG1/ADCY6/ADCY9/AFDN/AKT3/APBB1IP/CALM1/CDC42/CDH1/CRKL/CSF1/CTNNB1/DOCK4/ENAH/F2RL3/FGFR1/GNAI1/GNAI2/GNAI3/GNAS/IGF1R/INSR/ITGAM/ITGB2/KRAS/KRIT1/LPAR2/LPAR5/MAGI3/MAP2K2/MAP2K3/MAP2K6/NRAS/PARD3/PDGFA/PDGFD/PFN1/PIK3CA/PIK3CB/PIK3CD/PIK3R1/PIK3R3/PLCB2/PLCB3/PRKCA/PRKCG/PRKCZ/PRKD3/RAC1/RALA/RAP1A/RAPGEF1/RASSF5/RGS14/RHOA/SIPA1L1/SIPA1L2/TEK/THBS1/TLN2/VASP/VAV1/VEGFA",64
"Human Diseases","Cancer: specific types","hsa05221","Acute myeloid leukemia","27/1767","68/9382",0.397058823529412,2.10820932787376,4.41790151032402,4.84361056281202e-05,0.000469561135117054,0.00026059191332088,"AKT3/BCL2A1/FLT3/GRB2/IKBKB/ITGAM/JUP/KRAS/MAP2K2/MYC/NFKB1/NRAS/PIK3CA/PIK3CB/PIK3CD/PIK3R1/PIK3R3/PIM1/PIM2/RARA/RPS6KB2/RUNX1/SOS1/SOS2/SPI1/STAT3/TCF7",27
"Organismal Systems","Immune system","hsa04659","Th17 cell differentiation","38/1767","109/9382",0.348623853211009,1.85104074183684,4.30488306955316,5.11360789125242e-05,0.000482337609201917,0.000267682461448206,"AHR/CD3E/HIF1A/HLA-DRB5/HSP90AA1/HSP90AB1/IFNGR2/IKBKB/IL12RB1/IL1RAP/IL21R/IL23A/IL27RA/IL2RA/IL2RG/IL4R/IL6R/JAK2/JAK3/NFATC2/NFKB1/NFKBIA/NFKBIB/NFKBIE/PPP3CB/PPP3R1/PRKCQ/RARA/RORA/RUNX1/RXRB/SMAD2/SMAD3/SMAD4/STAT1/STAT3/TGFB1/ZAP70",38
"Environmental Information Processing","Signal transduction","hsa04070","Phosphatidylinositol signaling system","35/1767","98/9382",0.357142857142857,1.89627294041556,4.29629056374776,5.67087859537167e-05,0.000518689162328512,0.000287856449610756,"CALM1/CDS2/DGKE/DGKZ/IMPA2/INPP4A/INPP5B/INPP5D/INPP5F/IP6K1/IP6K2/ITPKC/ITPR1/ITPR3/MTMR14/MTMR2/MTMR6/OCRL/PIK3C3/PIK3CA/PIK3CB/PIK3CD/PIK3R1/PIK3R3/PIKFYVE/PIP4K2B/PIP5K1B/PLCB2/PLCB3/PLCD1/PLCD3/PPIP5K1/PPIP5K2/PRKCA/PRKCG",35
"Human Diseases","Endocrine and metabolic disease","hsa04932","Non-alcoholic fatty liver disease","50/1767","157/9382",0.318471337579618,1.69094402330049,4.20549762647374,5.79623992286876e-05,0.000518689162328512,0.000287856449610756,"ADIPOR1/AKT3/ATF4/BAX/CDC42/COX4I1/COX5A/COX6A1/COX6B1/COX6C/COX7A2/COX7B/COX8A/CXCL8/CYC1/CYCS/DDIT3/FAS/GSK3A/IKBKB/IL6R/INSR/MAP3K5/MLXIP/NDUFA4/NDUFA6/NDUFB11/NDUFB9/NDUFS6/NDUFV1/NDUFV2/NDUFV3/NFKB1/PIK3CA/PIK3CB/PIK3CD/PIK3R1/PIK3R3/PPARA/PRKAB1/PRKAG2/RAC1/SDHB/SOCS3/SREBF1/TGFB1/TNF/UQCRB/UQCRC1/UQCRFS1",50
"Human Diseases","Cancer: specific types","hsa05215","Prostate cancer","37/1767","106/9382",0.349056603773585,1.85333845874577,4.25600148336604,6.1989795717403e-05,0.000540860967634341,0.00030016111610532,"AKT3/AR/ATF4/CDKN1B/CREB1/CREB3L4/CREB5/CTNNB1/ERBB2/ERG/ETV5/FGFR1/GRB2/GSTP1/HSP90AA1/HSP90AB1/HSP90B1/IGF1R/IKBKB/KRAS/MAP2K2/NFKB1/NFKBIA/NRAS/PDGFA/PDGFD/PIK3CA/PIK3CB/PIK3CD/PIK3R1/PIK3R3/PLAU/SLC46A1/SOS1/SOS2/SPINT1/TCF7",37
"Organismal Systems","Endocrine system","hsa04935","Growth hormone synthesis, secretion and action","41/1767","122/9382",0.336065573770492,1.78436175048939,4.20047803426069,6.88636152479822e-05,0.000586180529793799,0.000325312072031546,"ADCY6/ADCY9/AKT3/ATF4/CACNA1D/CACNA1F/CREB1/CREB3L4/CREB5/CRKL/GNA11/GNAI1/GNAI2/GNAI3/GNAS/GRB2/ITPR1/ITPR3/JAK2/JUNB/KRAS/MAP2K2/MAP2K3/MAP2K6/NRAS/PIK3CA/PIK3CB/PIK3CD/PIK3R1/PIK3R3/PLCB2/PLCB3/PRKACB/PRKCA/PRKCG/SOCS3/SOS1/SOS2/SSTR2/STAT1/STAT3",41
"Genetic Information Processing","Folding, sorting and degradation","hsa04120","Ubiquitin mediated proteolysis","46/1767","142/9382",0.323943661971831,1.71999968116566,4.1643610864661,7.1323750172211e-05,0.000592666400240516,0.000328911529616211,"ANAPC1/ANAPC15/ANAPC4/BIRC3/BRCA1/BTRC/CBLB/CDC27/CDC34/CUL1/CUL2/CUL4B/DET1/ELOC/FBXW8/HERC2/HERC3/HERC4/MGRN1/NEDD4/NHLRC1/PIAS4/RNF7/RPS27A/SMURF1/SOCS3/TRAF6/UBA2/UBA52/UBB/UBC/UBE2D1/UBE2D2/UBE2D3/UBE2E1/UBE2E3/UBE2I/UBE2J1/UBE2L6/UBE2N/UBE2NL/UBE2O/UBE2S/UBE3B/UBE3C/VHL",46
"Cellular Processes","Cell motility","hsa04810","Regulation of actin cytoskeleton","67/1767","232/9382",0.288793103448276,1.53336553285327,3.96247268621798,0.000112609714764165,0.000908753970757136,0.000504330359280087,"ACTB/ACTG1/ACTR3C/AKT3/APC2/ARHGEF12/ARPC2/ARPC3/ARPC4/ARPC5L/C5/CDC42/CFL1/CFL2/CHRM3/CHRM4/CRKL/DOCK1/ENAH/EZR/FGD3/FGFR1/GNA13/IQGAP1/IQGAP2/ITGA2/ITGA4/ITGA6/ITGAE/ITGAM/ITGAX/ITGB2/ITGB4/KRAS/LPAR2/LPAR5/MAP2K2/MSN/MYH9/MYL12A/MYLK4/NCKAP1L/NRAS/PDGFA/PDGFD/PFN1/PIK3CA/PIK3CB/PIK3CD/PIK3R1/PIK3R3/PIKFYVE/PIP4K2B/PIP5K1B/PPP1CA/PPP1CC/PPP1R12B/RAC1/RGCC/RHOA/ROCK2/RRAS2/SOS1/SOS2/SPATA13/TMSB4X/VAV1",67
"Human Diseases","Endocrine and metabolic disease","hsa04933","AGE-RAGE signaling pathway in diabetic complications","35/1767","101/9382",0.346534653465347,1.83994800159133,4.08811957922949,0.000114570701184281,0.000908753970757136,0.000504330359280087,"AKT3/BAX/CDC42/CDKN1B/COL4A5/CXCL8/F3/ICAM1/JAK2/KRAS/MMP2/NFKB1/NRAS/PIK3CA/PIK3CB/PIK3CD/PIK3R1/PIK3R3/PIM1/PLCB2/PLCB3/PLCD1/PLCD3/PRKCA/PRKCZ/RAC1/SERPINE1/SMAD2/SMAD3/SMAD4/STAT1/STAT3/TGFB1/TNF/VEGFA",35
"Environmental Information Processing","Signal transduction","hsa04064","NF-kappa B signaling pathway","36/1767","105/9382",0.342857142857143,1.82042202279893,4.07226535806286,0.000118065082337991,0.000915660305243526,0.000508163161407959,"ATM/BCL2A1/BIRC3/CSNK2B/CXCL1/CXCL2/CXCL3/CXCL8/CYLD/GADD45A/GADD45B/GADD45G/ICAM1/IKBKB/IRAK1/IRAK4/LTB/MYD88/NFKB1/NFKB2/NFKBIA/PIAS4/PLAU/PRKCQ/PTGS2/RELB/TAB1/TICAM1/TNF/TNFAIP3/TRAF1/TRAF5/TRAF6/TRIM25/UBE2I/ZAP70",36
"Human Diseases","Infectious disease: viral","hsa05166","Human T-cell leukemia virus 1 infection","65/1767","224/9382",0.290178571428571,1.54072176408764,3.94553071655463,0.000121583411146713,0.000922448054134843,0.000511930152196685,"ADCY6/ADCY9/AKT3/ANAPC1/ANAPC15/ANAPC4/ATF4/ATM/ATR/B2M/BAX/CALR/CD3E/CDC27/CREB1/CREB3L4/CREB5/DLG1/EGR2/ETS1/ETS2/FOSL1/HLA-A/HLA-B/HLA-DRB5/HLA-G/ICAM1/IKBKB/IL15RA/IL2RA/IL2RG/ITGB2/JAK3/KRAS/MAP2K2/MYC/NFATC2/NFATC4/NFKB1/NFKB2/NFKBIA/NRAS/PIK3CA/PIK3CB/PIK3CD/PIK3R1/PIK3R3/PPP3CB/PPP3R1/PRKACB/PTTG1/RANBP1/RELB/SLC25A5/SLC2A1/SMAD2/SMAD3/SMAD4/SPI1/SRF/TGFB1/TLN2/TNF/VDAC1/ZFP36",65
"Human Diseases","Neurodegenerative disease","hsa05016","Huntington disease","84/1767","308/9382",0.272727272727273,1.44806297268097,3.85143804025016,0.000147383008111528,0.00109439723044518,0.000607356629171808,"ACTR1A/ACTR1B/ADRM1/AP2A1/APAF1/ATG13/ATG2B/BAX/CLTA/CLTB/CLTCL1/COX4I1/COX5A/COX6A1/COX6B1/COX6C/COX7A2/COX7B/COX8A/CREB1/CREB3L4/CREB5/CYC1/CYCS/DCTN4/DNAH2/GPX1/GPX7/HAP1/HDAC1/IFT57/ITPR1/KIF5A/KIF5B/MAP3K10/MAP3K5/NDUFA4/NDUFA6/NDUFB11/NDUFB9/NDUFS6/NDUFV1/NDUFV2/NDUFV3/PIK3C3/PLCB2/PLCB3/POLR2C/POLR2E/POLR2L/PPIF/PSMA1/PSMA2/PSMB1/PSMB2/PSMB3/PSMB4/PSMB6/PSMB7/PSMC1/PSMC3/PSMC4/PSMC5/PSMD13/PSMD3/PSMD4/PSMD6/PSMD7/PSMD8/PSMD9/SDHB/SLC1A3/SLC25A5/STX1A/TAF4/TUBB1/TUBB2A/TUBB4B/TUBB6/ULK2/UQCRB/UQCRC1/UQCRFS1/VDAC1",84
"Human Diseases","Infectious disease: bacterial","hsa05135","Yersinia infection","44/1767","138/9382",0.318840579710145,1.69290453811012,3.94994337162954,0.000153067993371342,0.00109968728743493,0.000610292447256905,"ACTB/ACTG1/ACTR3C/AKT3/ARHGEF12/ARPC2/ARPC3/ARPC4/ARPC5L/CDC42/CRKL/CXCL8/DOCK1/ELMO2/IKBKB/IRAK1/IRAK4/ITGA4/MAP2K2/MAP2K3/MAP2K6/MYD88/NFATC2/NFKB1/NFKBIA/NLRP3/PIK3CA/PIK3CB/PIK3CD/PIK3R1/PIK3R3/PIP5K1B/PKN1/RAC1/RHOA/RHOG/ROCK2/TAB1/TICAM1/TNF/TRAF6/VAV1/WIPF1/ZAP70",44
"Organismal Systems","Endocrine system","hsa04919","Thyroid hormone signaling pathway","40/1767","122/9382",0.327868852459016,1.74084073218477,3.96741072660175,0.00015439735554244,0.00109968728743493,0.000610292447256905,"ACTB/ACTG1/AKT3/ATP1A1/ATP1B3/ATP2A2/CTNNB1/FXYD2/HDAC1/HDAC3/HIF1A/KRAS/MAP2K2/MED12/MED12L/MED13L/MYC/NCOA1/NCOA2/NOTCH2/NRAS/PFKL/PIK3CA/PIK3CB/PIK3CD/PIK3R1/PIK3R3/PLCB2/PLCB3/PLCD1/PLCD3/PRKACB/PRKCA/PRKCG/RXRB/SLC16A2/SLC2A1/STAT1/TBC1D4/THRB",40
"Human Diseases","Infectious disease: parasitic","hsa05142","Chagas disease","35/1767","103/9382",0.339805825242718,1.80422085592936,3.95322238063377,0.0001784325618832,0.00124545928194474,0.000691191397610712,"AKT3/CALR/CCL3/CCL5/CD3E/CXCL8/FAS/GNA11/GNA15/GNAI1/GNAI2/GNAI3/GNAS/IFNGR2/IKBKB/IRAK1/IRAK4/MYD88/NFKB1/NFKBIA/PIK3CA/PIK3CB/PIK3CD/PIK3R1/PIK3R3/PLCB2/PLCB3/PPP2CA/PPP2R1A/SERPINE1/SMAD2/TGFB1/TICAM1/TNF/TRAF6",35
"Human Diseases","Cancer: specific types","hsa05223","Non-small cell lung cancer","27/1767","73/9382",0.36986301369863,1.96381142870433,3.98207903571349,0.0002002678072247,0.00137046009257687,0.000760562983061813,"AKT3/BAX/EML4/ERBB2/GADD45A/GADD45B/GADD45G/GRB2/JAK3/KIF5A/KIF5B/KRAS/MAP2K2/NRAS/PIK3CA/PIK3CB/PIK3CD/PIK3R1/PIK3R3/POLK/PRKCA/PRKCG/RASSF5/RXRB/SOS1/SOS2/STAT3",27
"Human Diseases","Cancer: specific types","hsa05220","Chronic myeloid leukemia","28/1767","77/9382",0.363636363636364,1.93075063024129,3.95028474576406,0.000214704971329307,0.00144100067296015,0.000799710824384462,"AKT3/BAX/CDKN1B/CRKL/GADD45A/GADD45B/GADD45G/GRB2/HDAC1/IKBKB/KRAS/MAP2K2/MYC/NFKB1/NFKBIA/NRAS/PIK3CA/PIK3CB/PIK3CD/PIK3R1/PIK3R3/POLK/RUNX1/SMAD3/SMAD4/SOS1/SOS2/TGFB1",28
"Human Diseases","Infectious disease: viral","hsa05162","Measles","43/1767","136/9382",0.316176470588235,1.67875927960318,3.84075123250821,0.000222922849250109,0.00146792593185449,0.000814653510665739,"ADAR/AKT3/APAF1/BAX/CBLB/CD3E/CDKN1B/CSNK2B/CYCS/EIF2AK2/FAS/HSPA1B/HSPA1L/IFIH1/IFNAR1/IFNAR2/IKBKB/IL2RA/IL2RG/IRAK1/IRAK4/IRF7/IRF9/JAK3/MAVS/MSN/MX1/MX2/MYD88/NFKB1/NFKBIA/NFKBIB/OAS3/PIK3CA/PIK3CB/PIK3CD/PIK3R1/PIK3R3/RAB9B/STAT1/STAT3/TNFAIP3/TRAF6",43
"Human Diseases","Cancer: specific types","hsa05213","Endometrial cancer","23/1767","59/9382",0.389830508474576,2.06983012479257,3.97073473894126,0.000238658594144473,0.00154244165474854,0.000856007433188754,"AKT3/APC2/BAX/CDH1/CTNNB1/ERBB2/GADD45A/GADD45B/GADD45G/GRB2/KRAS/MAP2K2/MYC/NRAS/PIK3CA/PIK3CB/PIK3CD/PIK3R1/PIK3R3/POLK/SOS1/SOS2/TCF7",23
NA,NA,"hsa04517","IgSF CAM signaling","81/1767","299/9382",0.270903010033445,1.43837693272993,3.71087665858963,0.000243518068327167,0.00154523283356693,0.000857556451142558,"ACTB/ACTG1/ACTR3C/AFDN/AKT3/ANK2/ARPC2/ARPC3/ARPC4/ARPC5L/CASKIN2/CD226/CD48/CD96/CDC42/CDH1/CDH2/CNTNAP1/CRTAM/CTNNB1/DOK1/DOK2/EPB41L3/EZR/F11R/FGFR1/GRB2/GRIP1/ICAM1/IL1RAP/INPP5D/IQGAP1/ITGA4/ITGAM/ITGAX/ITGB2/LMO7/MAP2K2/MBP/MPDZ/MSN/MYH9/MYL12A/MYL6/MYLK4/NECTIN2/NLGN1/NLGN3/NTN1/PARD3/PIK3CA/PIK3CB/PIK3CD/PIK3R1/PIK3R3/PLXNA3/PLXNA4/PPFIA1/PPFIA3/PRKCA/PRKCG/PRKCQ/PTPN6/PTPRD/PTPRS/RAC1/RAP1A/RASA1/RHOA/ROBO4/SCN8A/SH2D1A/SLAMF6/SLITRK5/SRGAP3/TRAF6/TUBB1/TUBB2A/TUBB4B/TUBB6/VAV1",81
"Human Diseases","Endocrine and metabolic disease","hsa04931","Insulin resistance","36/1767","109/9382",0.330275229357798,1.75361754489805,3.81208002210057,0.000275193169576854,0.00171504314611289,0.000951795924852277,"ACACB/AKT3/CPT1A/CREB1/CREB3L4/CREB5/IKBKB/INSR/MLXIP/NFKB1/NFKBIA/OGT/PIK3CA/PIK3CB/PIK3CD/PIK3R1/PIK3R3/PPARA/PPARGC1B/PPP1CA/PPP1CC/PRKAB1/PRKAG2/PRKCQ/PRKCZ/PTPN1/PYGL/RPS6KB2/SLC27A2/SLC2A1/SOCS3/SREBF1/STAT3/TBC1D4/TNF/TRIB3",36
"Human Diseases","Infectious disease: bacterial","hsa05130","Pathogenic Escherichia coli infection","58/1767","200/9382",0.29,1.53977362761743,3.71677186007117,0.00028116105523923,0.00172149488207879,0.00095537643885537,"ACTB/ACTG1/ACTR3C/ARF1/ARHGEF11/ARHGEF12/ARPC2/ARPC3/ARPC4/ARPC5L/BAX/CDC42/CLDN10/CLDN15/CXCL8/CYCS/CYTH3/CYTH4/EZR/FAS/GAPDH/GNA13/IKBKB/IRAK1/IRAK4/LPAR2/LPAR5/MYD88/MYH9/MYO10/MYO1D/MYO1E/MYO1G/MYO5A/MYO5C/NAIP/NCKAP1L/NFKB1/NFKBIA/NFKBIB/NLRP3/OCLN/PTPN6/RAB1A/RAC1/RHOA/ROCK2/SEC24A/TAB1/TNF/TNFRSF10B/TNFSF10/TRAF6/TUBB1/TUBB2A/TUBB4B/TUBB6/WIPF1",58
"Organismal Systems","Endocrine system","hsa04926","Relaxin signaling pathway","41/1767","130/9382",0.315384615384615,1.6745548735362,3.73060301891015,0.000327690886224343,0.001971795160212,0.00109428535508674,"ADCY6/ADCY9/AKT3/ARRB2/ATF4/COL4A5/CREB1/CREB3L4/CREB5/GNA15/GNAI1/GNAI2/GNAI3/GNAS/GNB1/GNB4/GNG11/GNG5/GNG7/GRB2/KRAS/MAP2K2/MMP2/NFKB1/NFKBIA/NRAS/PIK3CA/PIK3CB/PIK3CD/PIK3R1/PIK3R3/PLCB2/PLCB3/PRKACB/PRKCA/PRKCZ/SMAD2/SOS1/SOS2/TGFB1/VEGFA",41
"Organismal Systems","Nervous system","hsa04725","Cholinergic synapse","37/1767","115/9382",0.321739130434783,1.70829457936567,3.68129944782629,0.00040793334090769,0.00241302942333532,0.0013391567301876,"ACHE/ADCY6/ADCY9/AKT3/ATF4/CACNA1A/CACNA1D/CACNA1F/CHRM3/CHRM4/CREB1/CREB3L4/CREB5/GNA11/GNAI1/GNAI2/GNAI3/GNB1/GNB4/GNG11/GNG5/GNG7/ITPR1/ITPR3/JAK2/KRAS/NRAS/PIK3CA/PIK3CB/PIK3CD/PIK3R1/PIK3R3/PLCB2/PLCB3/PRKACB/PRKCA/PRKCG",37
"Organismal Systems","Immune system","hsa04670","Leukocyte transendothelial migration","37/1767","116/9382",0.318965517241379,1.69356790195734,3.62059311768736,0.000492315953625279,0.00286363779692037,0.00158923044679037,"ACTB/ACTG1/AFDN/CD99L2/CDC42/CLDN10/CLDN15/CTNNB1/CYBA/EZR/F11R/GNAI1/GNAI2/GNAI3/ICAM1/ITGA4/ITGAM/ITGB2/MMP2/MSN/MYL12A/OCLN/PIK3CA/PIK3CB/PIK3CD/PIK3R1/PIK3R3/PRKCA/PRKCG/RAC1/RAP1A/RASSF5/RHOA/RHOH/ROCK2/VASP/VAV1",37
"Human Diseases","Cancer: specific types","hsa05216","Thyroid cancer","16/1767","37/9382",0.432432432432432,2.29602777650316,3.80481379474047,0.000542594327834932,0.00310435115433428,0.001722818918406,"BAX/CDH1/CTNNB1/GADD45A/GADD45B/GADD45G/KRAS/MAP2K2/MYC/NCOA4/NRAS/POLK/RXRB/TCF7/TFG/TPM3",16
"Metabolism","Carbohydrate metabolism","hsa00562","Inositol phosphate metabolism","27/1767","78/9382",0.346153846153846,1.83792608071046,3.57953033776152,0.00068088111215417,0.00383270174422266,0.00212703097854613,"IMPA2/INPP4A/INPP5B/INPP5D/INPP5F/IP6K1/IP6K2/ITPKC/MINPP1/MTMR14/MTMR2/MTMR6/OCRL/PIK3C3/PIK3CA/PIK3CB/PIK3CD/PIKFYVE/PIP4K2B/PIP5K1B/PLCB2/PLCB3/PLCD1/PLCD3/PPIP5K1/PPIP5K2/TPI1",27
"Human Diseases","Infectious disease: bacterial","hsa05152","Tuberculosis","52/1767","181/9382",0.287292817679558,1.52539966919616,3.43810753367694,0.000721783305006839,0.00395346015907119,0.00219404816549268,"AKT3/APAF1/ARHGEF12/ATP6AP1/ATP6V0A2/ATP6V0D1/ATP6V1H/BAX/CALM1/CEBPB/CEBPG/CLEC7A/CORO1A/CREB1/CYCS/EEA1/HLA-DRB5/HSPA9/IFNGR2/IL10RA/IL10RB/IL23A/IRAK1/IRAK2/IRAK4/ITGAM/ITGAX/ITGB2/JAK2/KSR1/LAMP1/LSP1/MRC2/MYD88/NFKB1/NFYA/PIK3C3/PLK3/PPP3CB/PPP3R1/RAB5A/RAB5C/RAB7A/RFXANK/RFXAP/RHOA/RIPK2/SPHK1/STAT1/TGFB1/TNF/TRAF6",52
"Organismal Systems","Aging","hsa04211","Longevity regulating pathway","30/1767","90/9382",0.333333333333333,1.76985474438785,3.53495047445833,0.000724989828597582,0.00395346015907119,0.00219404816549268,"ADCY6/ADCY9/ADIPOR1/AKT3/ATF4/ATG13/BAX/CAT/CREB1/CREB3L4/CREB5/EHMT1/IGF1R/INSR/KRAS/NFKB1/NRAS/PIK3CA/PIK3CB/PIK3CD/PIK3R1/PIK3R3/PRKAB1/PRKACB/PRKAG2/RPS6KB2/SESN2/SESN3/STK11/TSC1",30
"Human Diseases","Drug resistance: antineoplastic","hsa01524","Platinum drug resistance","26/1767","75/9382",0.346666666666667,1.84064893416337,3.52085654446226,0.000828197065393098,0.00444678116649525,0.00246782607339806,"AKT3/APAF1/ATM/ATP7A/ATP7B/BAX/BIRC3/BRCA1/CYCS/ERBB2/FAS/GSTA4/GSTO2/GSTP1/MAP3K5/MGST1/MSH2/MSH3/PIK3CA/PIK3CB/PIK3CD/PIK3R1/PIK3R3/PMAIP1/POLH/REV3L",26
"Environmental Information Processing","Signal transduction","hsa04370","VEGF signaling pathway","22/1767","60/9382",0.366666666666667,1.94684021882664,3.54409750708968,0.000869452457967019,0.00459755920955287,0.00255150322593192,"AKT3/CDC42/KRAS/MAP2K2/MAPKAPK2/MAPKAPK3/NFATC2/NRAS/PIK3CA/PIK3CB/PIK3CD/PIK3R1/PIK3R3/PPP3CB/PPP3R1/PRKCA/PRKCG/PTGS2/RAC1/SH2D2A/SPHK1/VEGFA",22
"Environmental Information Processing","Signal transduction","hsa04022","cGMP-PKG signaling pathway","48/1767","166/9382",0.289156626506024,1.53529568187862,3.35184895659125,0.000973404117545417,0.00507041846303508,0.00281392549298282,"ADCY6/ADCY9/ADRA2A/AKT3/ATF4/ATP1A1/ATP1B3/ATP2A2/ATP2B1/ATP2B4/CACNA1D/CACNA1F/CALM1/CREB1/CREB3L4/CREB5/FXYD2/GNA11/GNA13/GNAI1/GNAI2/GNAI3/INSR/ITPR1/ITPR3/KCNMB4/MAP2K2/MYLK4/NFATC2/NFATC4/NPR2/PDE3B/PDE5A/PLCB2/PLCB3/PPIF/PPP1CA/PPP1CC/PPP3CB/PPP3R1/PRKG2/RGS2/RHOA/ROCK2/SLC25A5/SRF/VASP/VDAC1",48
"Human Diseases","Cancer: overview","hsa05203","Viral carcinogenesis","57/1767","205/9382",0.278048780487805,1.47631785995279,3.32147753674786,0.000990846019623299,0.00508537148306664,0.00282222395682178,"ATF4/ATP6V0D1/BAX/CDC42/CDKN1B/CHD4/CREB1/CREB3L4/CREB5/DLG1/DNAJA3/EGR2/EIF2AK2/GRB2/GTF2A1/GTF2B/GTF2E1/GTF2H1/HDAC1/HDAC3/HDAC8/HLA-A/HLA-B/HLA-G/HNRNPK/IRF7/IRF9/JAK3/KRAS/MAPKAPK2/NFKB1/NFKB2/NFKBIA/NRAS/PIK3CA/PIK3CB/PIK3CD/PIK3R1/PIK3R3/PMAIP1/PRKACB/PSMC1/RAC1/RANBP1/RBL1/RBL2/REL/RHOA/SRF/STAT3/TRAF1/TRAF5/YWHAE/YWHAG/YWHAH/YWHAQ/YWHAZ",57
"Cellular Processes","Cell growth and death","hsa04210","Apoptosis","41/1767","137/9382",0.299270072992701,1.58899367561829,3.34522509631322,0.00106862382952029,0.00540506835510986,0.00299964583724993,"ACTB/ACTG1/AKT3/APAF1/ATF4/ATM/BAX/BCL2A1/BIRC3/CTSF/CTSW/CYCS/DAB2IP/DDIT3/DFFB/FAS/GADD45A/GADD45B/GADD45G/IKBKB/ITPR1/ITPR3/KRAS/LMNA/MAP2K2/MAP3K5/NFKB1/NFKBIA/NRAS/PARP4/PIK3CA/PIK3CB/PIK3CD/PIK3R1/PIK3R3/PMAIP1/PRF1/TNF/TNFRSF10B/TNFSF10/TRAF1",41
"Environmental Information Processing","Signal transduction","hsa04068","FoxO signaling pathway","40/1767","133/9382",0.300751879699248,1.59686142350784,3.33933377467078,0.00110040624478203,0.00548631113469898,0.00304473306826908,"AKT3/ATM/BCL6/CAT/CDKN1B/CDKN2D/FBXO25/GADD45A/GADD45B/GADD45G/GRB2/IGF1R/IKBKB/INSR/KRAS/MAP2K2/NRAS/PIK3CA/PIK3CB/PIK3CD/PIK3R1/PIK3R3/PLK2/PLK3/PRKAB1/PRKAG2/PRMT1/RAG1/RBL2/S1PR1/SETD7/SGK1/SMAD3/SMAD4/SOS1/SOS2/STAT3/STK11/TGFB1/TNFSF10",40
"Environmental Information Processing","Signal transduction","hsa04071","Sphingolipid signaling pathway","38/1767","125/9382",0.304,1.61410752688172,3.32944759792495,0.00116155530992266,0.00570961694595785,0.00316866088992986,"ACER2/AKT3/BAX/DEGS1/GNA13/GNAI1/GNAI2/GNAI3/KRAS/MAP2K2/MAP3K5/NFKB1/NRAS/ORMDL3/PIK3CA/PIK3CB/PIK3CD/PIK3R1/PIK3R3/PLCB2/PLCB3/PPP2CA/PPP2R1A/PPP2R3A/PPP2R5A/PPP2R5C/PRKCA/PRKCG/PRKCZ/RAC1/RHOA/ROCK2/S1PR1/S1PR3/SMPD2/SPHK1/SPTLC3/TNF",38
"Cellular Processes","Transport and catabolism","hsa04137","Mitophagy - animal","33/1767","105/9382",0.314285714285714,1.66872018756569,3.31927468837395,0.00128514001354438,0.0061687706379021,0.00342347699404007,"AMFR/ATF4/ATG9B/CALCOCO2/CSNK2B/FIS1/FKBP8/HIF1A/KRAS/MAP1LC3B/MON1B/MTX3/MUL1/NBR1/NRAS/OPA1/PGAM5/PHB2/PINK1/RAB5A/RAB5C/RAB7A/RHOT1/RPS27A/RRAS2/SMURF1/SQSTM1/TAX1BP1/TFE3/TOMM40/UBA52/UBB/UBC",33
"Human Diseases","Cancer: specific types","hsa05212","Pancreatic cancer","26/1767","77/9382",0.337662337662338,1.79283987093834,3.36496495005256,0.00129031592139499,0.0061687706379021,0.00342347699404007,"AKT3/BAX/CDC42/ERBB2/GADD45A/GADD45B/GADD45G/IKBKB/KRAS/NFKB1/PIK3CA/PIK3CB/PIK3CD/PIK3R1/PIK3R3/POLK/RAC1/RALA/RPS6KB2/SMAD2/SMAD3/SMAD4/STAT1/STAT3/TGFB1/VEGFA",26
"Human Diseases","Cancer: specific types","hsa05222","Small cell lung cancer","30/1767","93/9382",0.32258064516129,1.71276265585921,3.32743682863121,0.00132134766888599,0.00623176130325958,0.00345843486593203,"AKT3/APAF1/BAX/BIRC3/CDKN1B/COL4A5/CYCS/GADD45A/GADD45B/GADD45G/IKBKB/ITGA2/ITGA6/LAMB2/MAX/MYC/NFKB1/NFKBIA/PIK3CA/PIK3CB/PIK3CD/PIK3R1/PIK3R3/POLK/PTGS2/RXRB/TRAF1/TRAF4/TRAF5/TRAF6",30
"Human Diseases","Infectious disease: bacterial","hsa05100","Bacterial invasion of epithelial cells","26/1767","78/9382",0.333333333333333,1.76985474438785,3.28873689057325,0.00159503332601541,0.00742222174372504,0.00411910360683278,"ACTB/ACTG1/ACTR3C/ARPC2/ARPC3/ARPC4/ARPC5L/CDC42/CDH1/CLTA/CLTB/CLTCL1/CRKL/CTNNB1/DNM3/DOCK1/ELMO2/GAB1/PIK3CA/PIK3CB/PIK3CD/PIK3R1/PIK3R3/RAC1/RHOA/RHOG",26
"Cellular Processes","Transport and catabolism","hsa04148","Efferocytosis","45/1767","157/9382",0.286624203821656,1.52184962097045,3.17628819174686,0.00167667181135029,0.0076832245041455,0.00426395206986208,"ABCA1/ADAM9/ANO6/ARNT/ATP11C/ATP2A2/ATP8A1/BSG/CALR/CEBPB/CPT1A/CREB1/CRKL/DOCK1/DUSP2/DUSP4/DUSP5/DUSP8/GPR132/HIF1A/JAK2/LRP1/MAP2K2/MAPKAPK2/NFATC2/NFATC4/ODC1/PBX1/PROS1/PTGER4/PTGS2/PTPN6/RAB5A/RAB5C/RAB7A/RAC1/S1PR1/SGK1/SIGLEC10/SLC2A1/SPHK1/TGFB1/THBS1/UQCRFS1/VPS41",45
"Organismal Systems","Excretory system","hsa04962","Vasopressin-regulated water reabsorption","17/1767","44/9382",0.386363636363636,2.05142254463137,3.36732145352004,0.00169515268429571,0.0076832245041455,0.00426395206986208,"ADCY6/ADCY9/ARHGDIA/CREB1/CREB3L4/CREB5/DCTN4/DYNC1I1/DYNC1LI1/DYNC2LI1/GNAS/NSF/PRKACB/RAB11B/RAB5A/RAB5C/STX4",17
"Human Diseases","Cancer: overview","hsa05230","Central carbon metabolism in cancer","24/1767","71/9382",0.338028169014085,1.79478227599895,3.23807626672649,0.00191734304369098,0.00857888105446347,0.00476101376571039,"AKT3/ERBB2/FGFR1/FLT3/G6PD/HIF1A/IDH1/IDH2/KRAS/LDHB/MAP2K2/MYC/NRAS/PDK1/PFKL/PGAM1/PIK3CA/PIK3CB/PIK3CD/PIK3R1/PIK3R3/SLC2A1/SLC7A5/TIGAR",24
"Genetic Information Processing","Chromosome","hsa03083","Polycomb repressive complex","27/1767","83/9382",0.325301204819277,1.72720764211345,3.20543699829573,0.00196351968411527,0.00867428316147128,0.00481395898570567,"ASXL2/BCOR/CBX4/CBX7/CSNK2B/DCAF7/EZH1/FBRS/HDAC1/JARID2/L3MBTL3/L3MBTL4/LCOR/MAX/MBD5/MGA/OGT/PHC1/PHC3/RING1/RYBP/UBE2D1/UBE2D2/UBE2D3/USP45/WDR5B/YAF2",27
"Human Diseases","Infectious disease: bacterial","hsa05134","Legionellosis","20/1767","56/9382",0.357142857142857,1.89627294041556,3.24036909603837,0.0021240536815956,0.00926618418596082,0.00514244575544199,"APAF1/ARF1/CXCL1/CXCL2/CXCL3/CXCL8/CYCS/EEF1A1/HSPA1B/HSPA1L/ITGAM/ITGB2/MYD88/NAIP/NFKB1/NFKB2/NFKBIA/RAB1A/RAB1B/TNF",20
"Human Diseases","Drug resistance: antineoplastic","hsa01521","EGFR tyrosine kinase inhibitor resistance","26/1767","80/9382",0.325,1.72560837577816,3.13954709419591,0.00239306757693544,0.0103108714117342,0.00572221486882548,"AKT3/BAX/ERBB2/GAB1/GRB2/IGF1R/IL6R/JAK2/KRAS/MAP2K2/NF1/NRAS/PDGFA/PDGFD/PIK3CA/PIK3CB/PIK3CD/PIK3R1/PIK3R3/PRKCA/PRKCG/RPS6KB2/SOS1/SOS2/STAT3/VEGFA",26
"Organismal Systems","Immune system","hsa04611","Platelet activation","37/1767","126/9382",0.293650793650794,1.55915775100835,3.04379807419338,0.00263501893756494,0.0112035027586164,0.00621759767029232,"ACTB/ACTG1/ADCY6/ADCY9/AKT3/APBB1IP/ARHGEF12/F2RL3/GNA13/GNAI1/GNAI2/GNAI3/GNAS/ITGA2/ITPR1/ITPR3/MYL12A/MYLK4/PIK3CA/PIK3CB/PIK3CD/PIK3R1/PIK3R3/PLCB2/PLCB3/PPP1CA/PPP1CC/PRKACB/PRKCZ/PRKG2/RAP1A/RHOA/ROCK2/TBXAS1/TLN2/VASP/VWF",37
"Organismal Systems","Endocrine system","hsa04915","Estrogen signaling pathway","40/1767","139/9382",0.287769784172662,1.52793215342836,3.02055623639596,0.00272180817317315,0.0112035027586164,0.00621759767029232,"ADCY6/ADCY9/AKT3/ATF4/CALM1/CREB1/CREB3L4/CREB5/EBAG9/GABBR1/GNAI1/GNAI2/GNAI3/GNAS/GRB2/HBEGF/HSP90AA1/HSP90AB1/HSP90B1/HSPA1B/HSPA1L/ITPR1/ITPR3/KRAS/MAP2K2/MMP2/NCOA1/NCOA2/NRAS/PIK3CA/PIK3CB/PIK3CD/PIK3R1/PIK3R3/PLCB2/PLCB3/PRKACB/RARA/SOS1/SOS2",40
"Environmental Information Processing","Signal transduction","hsa04152","AMPK signaling pathway","36/1767","122/9382",0.295081967213115,1.56675665896629,3.03514149596602,0.00272864680367448,0.0112035027586164,0.00621759767029232,"ACACB/ADIPOR1/AKT3/CPT1A/CREB1/CREB3L4/CREB5/EEF2K/FASN/HMGCR/IGF1R/INSR/MLYCD/PFKFB3/PFKL/PIK3CA/PIK3CB/PIK3CD/PIK3R1/PIK3R3/PPP2CA/PPP2R1A/PPP2R3A/PPP2R5A/PPP2R5C/PRKAB1/PRKAG2/RAB10/RAB11B/RAB2A/RPS6KB2/SCD/SCD5/SREBF1/STK11/TSC1",36
"Organismal Systems","Immune system","hsa04660","T cell receptor signaling pathway","36/1767","122/9382",0.295081967213115,1.56675665896629,3.03514149596602,0.00272864680367448,0.0112035027586164,0.00621759767029232,"AKT3/CBLB/CD3E/CDC42/DLG1/GRB2/IKBKB/KRAS/MAP2K2/MAP3K8/NFATC2/NFKB1/NFKBIA/NFKBIB/NFKBIE/NRAS/PIK3CA/PIK3CB/PIK3CD/PIK3R1/PIK3R3/PPP2CA/PPP2R1A/PPP2R3A/PPP2R5A/PPP2R5C/PPP3CB/PPP3R1/PRKCQ/PTPN6/RHOA/SOS1/SOS2/TNF/VAV1/ZAP70",36
"Cellular Processes","Cellular community - eukaryotes","hsa04520","Adherens junction","29/1767","93/9382",0.311827956989247,1.65567056733057,3.06091007329121,0.00279913077633581,0.0113592632667581,0.00630403993691297,"ACP1/ACTB/ACTG1/AFDN/CDC42/CDH1/CSNK2B/CTNNB1/ERBB2/FGFR1/IGF1R/INSR/IQGAP1/KRIT1/LMO7/MYL12A/NECTIN2/PARD3/PTPN1/PTPN6/RAC1/RAP1A/RHOA/ROCK2/SMAD3/SMAD4/SMURF1/SNAI1/TCF7",29
"Organismal Systems","Endocrine system","hsa04929","GnRH secretion","22/1767","65/9382",0.338461538461538,1.7970832789169,3.10620574169732,0.00285512177663598,0.0114533045982294,0.0063562299685544,"AKT3/ARRB2/CACNA1D/CACNA1F/GABBR1/GNA11/ITPR1/ITPR3/KCNN4/KRAS/MAP2K2/NRAS/PIK3CA/PIK3CB/PIK3CD/PIK3R1/PIK3R3/PLCB2/PLCB3/PRKCA/PRKCG/SPP1",22
"Environmental Information Processing","Signal transduction","hsa04150","mTOR signaling pathway","44/1767","158/9382",0.278481012658228,1.47861282442529,2.92254439186459,0.00343195747034548,0.0136108313312565,0.00755359060458813,"AKT3/ATP6V1C1/ATP6V1G1/ATP6V1H/DVL2/FLCN/FZD1/FZD3/FZD4/FZD8/GRB10/GRB2/IGF1R/IKBKB/INSR/KRAS/LRP5/MAP2K2/NPRL3/NRAS/PIK3CA/PIK3CB/PIK3CD/PIK3R1/PIK3R3/PRKCA/PRKCG/RHOA/RPS6KB2/RRAGB/SEC13/SESN2/SGK1/SLC38A9/SLC3A2/SLC7A5/SOS1/SOS2/STK11/TNF/TSC1/TTI1/ULK2/WDR59",44
NA,NA,"hsa04518","Integrin signaling","43/1767","154/9382",0.279220779220779,1.48254066250671,2.90836140344892,0.00359443428990337,0.0140950288446773,0.00782230525537813,"ACTB/ACTG1/AKT3/CDC42/CDH1/COL4A5/COL6A1/COL6A2/COL6A3/COL9A2/CTNNB1/ERBB2/FBN1/FERMT1/FLNA/FREM1/ICAM1/IGF1R/ITGA2/ITGA4/ITGA6/ITGAE/ITGAM/ITGAX/ITGB2/ITGB4/LAMB2/PARVB/PDGFA/PDGFD/PIK3CA/PIK3CB/PIK3CD/PIK3R1/PIK3R3/RAC1/SPP1/TGFB1/THBS1/TLN2/TNXB/VEGFA/VWF",43
"Cellular Processes","Cellular community - eukaryotes","hsa04510","Focal adhesion","54/1767","203/9382",0.266009852216749,1.41239639699917,2.86136384465536,0.0037905509780275,0.0146989143481289,0.00815744304043345,"ACTB/ACTG1/AKT3/BIRC3/CDC42/COL4A5/COL6A1/COL6A2/COL6A3/COL9A2/CRKL/CTNNB1/DOCK1/ERBB2/FLNA/GRB2/IGF1R/ITGA2/ITGA4/ITGA6/ITGB4/LAMB2/MYL12A/MYLK4/PARVB/PDGFA/PDGFD/PIK3CA/PIK3CB/PIK3CD/PIK3R1/PIK3R3/PIP5K1B/PPP1CA/PPP1CC/PPP1R12B/PRKCA/PRKCG/RAC1/RAP1A/RAPGEF1/RHOA/ROCK2/SOS1/SOS2/SPP1/THBS1/TLN2/TNXB/VASP/VAV1/VEGFA/VWF/ZYX",54
"Human Diseases","Cancer: overview","hsa05231","Choline metabolism in cancer","30/1767","99/9382",0.303030303030303,1.60895885853441,2.93406184314514,0.00385346928321549,0.0147786898883759,0.00820171599897801,"AKT3/CHPT1/DGKE/DGKZ/GPCPD1/GRB2/HIF1A/KRAS/LYPLA1/MAP2K2/NRAS/PCYT1A/PDGFA/PDGFD/PIK3CA/PIK3CB/PIK3CD/PIK3R1/PIK3R3/PIP5K1B/PLPP1/PRKCA/PRKCG/RAC1/RPS6KB2/SLC22A5/SLC44A1/SOS1/SOS2/TSC1",30
"Organismal Systems","Nervous system","hsa04728","Dopaminergic synapse","38/1767","133/9382",0.285714285714286,1.51701835233244,2.8926259564934,0.00391727402520843,0.0148600938564972,0.00824689268464932,"AKT3/ARRB2/ATF4/CACNA1A/CACNA1D/CALM1/CLOCK/CREB1/CREB3L4/CREB5/GNAI1/GNAI2/GNAI3/GNAS/GNB1/GNB4/GNG11/GNG5/GNG7/GSK3A/ITPR1/ITPR3/KIF5A/KIF5B/PLCB2/PLCB3/PPP1CA/PPP1CC/PPP2CA/PPP2R1A/PPP2R3A/PPP2R5A/PPP2R5C/PPP3CB/PRKACB/PRKCA/PRKCG/SLC18A2",38
"Human Diseases","Infectious disease: parasitic","hsa05145","Toxoplasmosis","33/1767","112/9382",0.294642857142857,1.56442517584283,2.89456569076884,0.00411017589389529,0.0152916790728849,0.00848640913711606,"AKT3/BIRC3/CYCS/GNAI1/GNAI2/GNAI3/HLA-DRB5/HSPA1B/HSPA1L/IFNGR2/IKBKB/IL10RA/IL10RB/IRAK1/IRAK4/IRGM/ITGA6/JAK2/LAMB2/LDLR/MAP2K3/MAP2K6/MYD88/NFKB1/NFKBIA/NFKBIB/PPIF/STAT1/STAT3/TAB1/TGFB1/TNF/TRAF6",33
"Human Diseases","Cardiovascular disease","hsa05418","Fluid shear stress and atherosclerosis","40/1767","142/9382",0.28169014084507,1.49565189666579,2.8667699790734,0.00411867573882861,0.0152916790728849,0.00848640913711606,"ACTB/ACTG1/ACVR1/AKT3/BMPR1B/CALM1/CTNNB1/CYBA/GSTA4/GSTO2/GSTP1/HSP90AA1/HSP90AB1/HSP90B1/ICAM1/IKBKB/MAP2K6/MAP3K5/MGST1/MMP2/NFE2L2/NFKB1/NQO1/PDGFA/PIAS4/PIK3CA/PIK3CB/PIK3CD/PIK3R1/PIK3R3/PRKCZ/RAC1/RHOA/SDC4/SQSTM1/SUMO1/TNF/TXN/TXN2/VEGFA",40
"Environmental Information Processing","Signal transduction","hsa04010","MAPK signaling pathway","75/1767","300/9382",0.25,1.32739105829089,2.77616056772521,0.00437152397873394,0.016059598616612,0.00891258074334675,"AKT3/ARRB2/ATF4/CACNA1A/CACNA1D/CACNA1F/CDC42/CRKL/CSF1/DDIT3/DUSP10/DUSP2/DUSP4/DUSP5/DUSP8/ERBB2/FAS/FGFR1/FLNA/FLT3/GADD45A/GADD45B/GADD45G/GRB2/HSPA1B/HSPA1L/IGF1R/IKBKB/IL1RAP/INSR/IRAK1/IRAK4/KRAS/MAP2K2/MAP2K3/MAP2K6/MAP3K10/MAP3K4/MAP3K5/MAP3K8/MAPKAPK2/MAPKAPK3/MAX/MKNK2/MYC/MYD88/NF1/NFKB1/NFKB2/NRAS/PDGFA/PDGFD/PPP3CB/PPP3R1/PRKACB/PRKCA/PRKCG/RAC1/RAP1A/RASA1/RASGRP4/RELB/RRAS2/SOS1/SOS2/SRF/STK3/TAB1/TAOK1/TAOK3/TEK/TGFB1/TNF/TRAF6/VEGFA",75
"Human Diseases","Cardiovascular disease","hsa05415","Diabetic cardiomyopathy","54/1767","205/9382",0.263414634146341,1.39861691995528,2.77965043244504,0.00472106288663638,0.0171630307024593,0.00952495143795059,"AKT3/ATP2A2/COX4I1/COX5A/COX6A1/COX6B1/COX6C/COX7A2/COX7B/COX8A/CYBA/CYC1/G6PD/GAPDH/GSR/INSR/MMP2/MPC2/NDUFA4/NDUFA6/NDUFB11/NDUFB9/NDUFS6/NDUFV1/NDUFV2/NDUFV3/NFKB1/PDK3/PIK3CA/PIK3CB/PIK3CD/PIK3R1/PIK3R3/PLCB2/PLCB3/PPARA/PPIF/PPP1CA/PPP1CC/PRKCA/PRKCG/PRKCZ/RAC1/SDHB/SLC25A5/SLC2A1/SMAD2/SMAD3/TBC1D4/TGFB1/UQCRB/UQCRC1/UQCRFS1/VDAC1",54
"Organismal Systems","Immune system","hsa04620","Toll-like receptor signaling pathway","32/1767","109/9382",0.293577981651376,1.55877115102049,2.8264739271954,0.00495942591582925,0.0178437076765403,0.00990270611516638,"AKT3/CCL3/CCL5/CXCL8/IFNAR1/IFNAR2/IKBKB/IRAK1/IRAK4/IRF5/IRF7/IRF9/MAP2K2/MAP2K3/MAP2K6/MAP3K8/MYD88/NFKB1/NFKBIA/PIK3CA/PIK3CB/PIK3CD/PIK3R1/PIK3R3/RAC1/SPP1/STAT1/TAB1/TICAM1/TNF/TOLLIP/TRAF6",32
"Organismal Systems","Nervous system","hsa04730","Long-term depression","20/1767","60/9382",0.333333333333333,1.76985474438785,2.88162693784527,0.00528528009886007,0.0188220689234915,0.0104456663607976,"CACNA1A/GNA11/GNA13/GNAI1/GNAI2/GNAI3/GNAS/IGF1R/ITPR1/ITPR3/KRAS/MAP2K2/NRAS/PLCB2/PLCB3/PPP2CA/PPP2R1A/PRKCA/PRKCG/PRKG2",20
"Organismal Systems","Development and regeneration","hsa04360","Axon guidance","49/1767","184/9382",0.266304347826087,1.41396004035334,2.73167179423967,0.00550706087217434,0.01932407293432,0.0107242630671539,"ARHGEF12/BMPR1B/CDC42/CFL1/CFL2/ENAH/EPHA4/EPHB1/EPHB4/EPHB6/FZD3/GNAI1/GNAI2/GNAI3/KRAS/LRIG2/LRRC4/MYL12A/NEO1/NFATC2/NFATC4/NRAS/NTN1/PARD3/PIK3CA/PIK3CB/PIK3CD/PIK3R1/PIK3R3/PLXNA3/PLXNA4/PLXNC1/PPP3CB/PPP3R1/PRKCA/PRKCZ/PTCH1/RAC1/RASA1/RGS3/RHOA/RND1/ROCK2/SEMA4B/SEMA6A/SEMA6C/SEMA7A/SMO/SRGAP3",49
"Organismal Systems","Immune system","hsa04062","Chemokine signaling pathway","51/1767","193/9382",0.264248704663212,1.40304547093959,2.7252507193273,0.00553698364880229,0.01932407293432,0.0107242630671539,"ADCY6/ADCY9/AKT3/ARRB2/CCL3/CCL5/CCR7/CDC42/CRKL/CXCL1/CXCL2/CXCL3/CXCL8/GNAI1/GNAI2/GNAI3/GNB1/GNB4/GNG11/GNG5/GNG7/GRB2/GRK5/GSK3A/IKBKB/JAK2/JAK3/KRAS/NFKB1/NFKBIA/NFKBIB/NRAS/PARD3/PIK3CA/PIK3CB/PIK3CD/PIK3R1/PIK3R3/PLCB2/PLCB3/PRKACB/PRKCZ/RAC1/RAP1A/RHOA/ROCK2/SOS1/SOS2/STAT1/STAT3/VAV1",51
"Environmental Information Processing","Signal transduction","hsa04072","Phospholipase D signaling pathway","41/1767","149/9382",0.275167785234899,1.46102103060205,2.73243816443576,0.00579704338533443,0.0199336424726526,0.011062555315844,"ADCY6/ADCY9/AGPAT5/AKT3/ARF1/CXCL8/CYTH3/CYTH4/DGKE/DGKZ/DNM3/GAB1/GNA13/GNAS/GRB2/INSR/KRAS/LPAR2/LPAR5/LPAR6/MAP2K2/NRAS/PDGFA/PDGFD/PIK3CA/PIK3CB/PIK3CD/PIK3R1/PIK3R3/PIP5K1B/PLCB2/PLCB3/PLPP1/PRKCA/RALA/RHOA/RRAS2/SOS1/SOS2/SPHK1/TSC1",41
"Cellular Processes","Cellular community - eukaryotes","hsa04540","Gap junction","27/1767","89/9382",0.303370786516854,1.61076667747658,2.78869012120467,0.00582587831578959,0.0199336424726526,0.011062555315844,"ADCY6/ADCY9/GNA11/GNAI1/GNAI2/GNAI3/GNAS/GRB2/ITPR1/ITPR3/KRAS/MAP2K2/NRAS/PDGFA/PDGFD/PLCB2/PLCB3/PRKACB/PRKCA/PRKCG/PRKG2/SOS1/SOS2/TUBB1/TUBB2A/TUBB4B/TUBB6",27
"Cellular Processes","Cell growth and death","hsa04110","Cell cycle","43/1767","158/9382",0.272151898734177,1.44500798750654,2.71734381497999,0.00593860338186822,0.020122063886136,0.0111671233752044,"ANAPC1/ANAPC15/ANAPC4/ATM/ATR/ATRX/CDC27/CDK7/CDKN1B/CDKN2D/CDT1/CUL1/DBF4B/GADD45A/GADD45B/GADD45G/HDAC1/HDAC8/MAD2L1BP/MYC/NIPBL/ORC2/ORC3/ORC5/PDS5A/PPP2CA/PPP2R1A/PPP2R5A/PPP2R5C/PTTG1/RBL1/RBL2/SMAD2/SMAD3/SMAD4/SMC1B/STAG1/TGFB1/YWHAE/YWHAG/YWHAH/YWHAQ/YWHAZ",43
"Organismal Systems","Excretory system","hsa04961","Endocrine and other factor-regulated calcium reabsorption","18/1767","53/9382",0.339622641509434,1.80324823013102,2.82473723321243,0.00638398205396935,0.0211860724840257,0.0117576152527846,"ADCY6/ADCY9/AP2A1/ATP1A1/ATP1B3/ATP2B1/ATP2B4/CLTA/CLTB/CLTCL1/DNM3/FXYD2/GNAS/PLCB2/PLCB3/PRKACB/PRKCA/PRKCG",18
"Organismal Systems","Immune system","hsa04666","Fc gamma R-mediated phagosome formation","29/1767","98/9382",0.295918367346939,1.57119757920146,2.73803956239155,0.00642915373686399,0.0211860724840257,0.0117576152527846,"ACTR3C/AKT3/ARPC2/ARPC3/ARPC4/ARPC5L/CDC42/CFL1/CFL2/CRKL/DOCK1/INPP5D/MARCKS/MARCKSL1/MYO10/PIK3CA/PIK3CB/PIK3CD/PIK3R1/PIK3R3/PIP5K1B/PLPP1/PRKCA/PRKCG/RAC1/RPS6KB2/SPHK1/VASP/VAV1",29
"Human Diseases","Cancer: overview","hsa05207","Chemical carcinogenesis - receptor activation","56/1767","217/9382",0.258064516129032,1.37021012468737,2.65778479821437,0.00643473834758375,0.0211860724840257,0.0117576152527846,"ADCY6/ADCY9/AHR/AKT3/AR/ARNT/ARRB2/ATF4/BCL6/CACNA1A/CACNA1D/CACNA1F/CREB1/CREB3L4/CREB5/CYP1B1/DLL1/EPHX2/GNAI1/GNAI2/GNAI3/GNAS/GRB2/GSTA4/GSTO2/HSP90AA1/HSP90AB1/HSP90B1/JAK2/KPNA2/KPNA3/KPNA6/KRAS/MAP2K2/MGST1/MYC/NFKB1/NOTCH2/NRAS/PAQR8/PIK3CA/PIK3CB/PIK3CD/PIK3R1/PIK3R3/PPARA/PRKACB/PRKCA/PRKCG/PTGES3/RPS6KB2/RXRB/SOS1/SOS2/STAT3/VEGFA",56
"Organismal Systems","Endocrine system","hsa04922","Glucagon signaling pathway","31/1767","107/9382",0.289719626168224,1.53828496474832,2.69746033923584,0.0069412891343644,0.0223035686052986,0.0123777910522544,"ACACB/AKT3/ATF4/CALM1/CPT1A/CREB1/CREB3L4/CREB5/GNAS/ITPR1/ITPR3/LDHB/PDE3B/PFKL/PGAM1/PHKA1/PLCB2/PLCB3/PPARA/PPP3CB/PPP3R1/PPP4C/PPP4R3A/PPP4R3B/PRKAB1/PRKACB/PRKAG2/PRMT1/PYGL/SIK2/SLC2A1",31
"Organismal Systems","Excretory system","hsa04960","Aldosterone-regulated sodium reabsorption","14/1767","38/9382",0.368421052631579,1.9561552437971,2.8448651391118,0.00694849661299492,0.0223035686052986,0.0123777910522544,"ATP1A1/ATP1B3/FXYD2/INSR/KRAS/NR3C2/PIK3CA/PIK3CB/PIK3CD/PIK3R1/PIK3R3/PRKCA/PRKCG/SGK1",14
"Organismal Systems","Immune system","hsa04650","Natural killer cell mediated cytotoxicity","37/1767","133/9382",0.278195488721804,1.47709681674475,2.66927204740471,0.00702418936835097,0.0223035686052986,0.0123777910522544,"CD48/FAS/GRB2/HCST/HLA-A/HLA-B/HLA-G/ICAM1/IFNAR1/IFNAR2/IFNGR2/ITGB2/KRAS/MAP2K2/NFATC2/NRAS/PIK3CA/PIK3CB/PIK3CD/PIK3R1/PIK3R3/PPP3CB/PPP3R1/PRF1/PRKCA/PRKCG/PTPN6/RAC1/SH2D1A/SH3BP2/SOS1/SOS2/TNF/TNFRSF10B/TNFSF10/VAV1/ZAP70",37
"Human Diseases","Cancer: overview","hsa05208","Chemical carcinogenesis - reactive oxygen species","58/1767","227/9382",0.255506607929515,1.3566287467995,2.62004041575212,0.00702977807043795,0.0223035686052986,0.0123777910522544,"ACP1/AHR/AKT3/ARNT/CAT/COX4I1/COX5A/COX6A1/COX6B1/COX6C/COX7A2/COX7B/COX8A/CYBA/CYC1/CYP1B1/EPHX2/GRB2/GSTA4/GSTO2/HIF1A/IKBKB/KRAS/MAP2K2/MAP3K5/MGST1/NDUFA4/NDUFA6/NDUFB11/NDUFB9/NDUFS6/NDUFV1/NDUFV2/NDUFV3/NFE2L2/NFKB1/NFKBIA/NQO1/NRAS/PIK3CA/PIK3CB/PIK3CD/PIK3R1/PIK3R3/PPIF/PRKD3/PTPN1/RAC1/SDHB/SLC25A5/SLC26A2/SOS1/SOS2/UQCRB/UQCRC1/UQCRFS1/VDAC1/VEGFA",58
"Organismal Systems","Aging","hsa04213","Longevity regulating pathway - multiple species","20/1767","62/9382",0.32258064516129,1.71276265585921,2.71231867925059,0.0079367748956488,0.0249543643115444,0.0138489007188182,"ADCY6/ADCY9/AKT3/CAT/HDAC1/HSPA1B/HSPA1L/IGF1R/INSR/KRAS/NRAS/PIK3CA/PIK3CB/PIK3CD/PIK3R1/PIK3R3/PRKAB1/PRKACB/PRKAG2/RPS6KB2",20
"Environmental Information Processing","Signal transduction","hsa04390","Hippo signaling pathway","42/1767","157/9382",0.267515923566879,1.42039297957242,2.55876253091073,0.00890464009610812,0.027747494585194,0.0153990016699614,"ACTB/ACTG1/APC2/BIRC3/BMP6/BMPR1B/BTRC/CDH1/CTNNB1/DLG1/DLG2/DLG5/DVL2/FZD1/FZD3/FZD4/FZD8/ITGB2/LATS2/LIMD1/MOB1A/MYC/PARD3/PATJ/PPP1CA/PPP1CC/PPP2CA/PPP2R1A/PRKCZ/SERPINE1/SMAD2/SMAD3/SMAD4/STK3/TCF7/TGFB1/TP53BP2/YWHAE/YWHAG/YWHAH/YWHAQ/YWHAZ",42
"Human Diseases","Endocrine and metabolic disease","hsa04936","Alcoholic liver disease","39/1767","144/9382",0.270833333333333,1.43800697981513,2.55141548614482,0.00925185774213483,0.0285743216991598,0.0158578651565236,"ACACB/ACOX3/ADIPOR1/AKT3/ALDH1B1/ALDH3A2/C3AR1/C5/C5AR1/CPT1A/CTNNB1/CXCL1/CXCL2/CXCL3/CXCL8/FAS/FASN/IKBKB/IL17RC/IRAK1/IRAK4/MAP2K3/MAP2K6/MAP3K5/MLYCD/MYD88/NFKB1/NFKBIA/PPARA/PRKAB1/PRKAG2/SCD/SCD5/SREBF1/TAB1/TCF7/TICAM1/TNF/TRAF6",39
"Organismal Systems","Environmental adaptation","hsa04714","Thermogenesis","59/1767","235/9382",0.251063829787234,1.33303953087936,2.4905672134575,0.00970500211634042,0.0295074255795324,0.0163757089628531,"ACTB/ACTG1/ADCY6/ADCY9/ARID1B/COA1/COA7/COX15/COX4I1/COX5A/COX6A1/COX6B1/COX6C/COX7A2/COX7B/COX8A/CPT1A/CREB1/CREB3L4/CREB5/CYC1/DPF1/FGFR1/FRS2/GNAS/GRB2/KDM3A/KRAS/MAP2K3/MAP3K5/NDUFA4/NDUFA6/NDUFB11/NDUFB9/NDUFS6/NDUFV1/NDUFV2/NDUFV3/NRAS/PRDM16/PRKAB1/PRKACB/PRKAG2/PRKG2/RPS6KB2/SDHB/SLC25A20/SMARCA2/SMARCB1/SMARCC1/SMARCC2/SMARCD1/SMARCD3/SOS1/SOS2/TSC1/UQCRB/UQCRC1/UQCRFS1",59
"Human Diseases","Infectious disease: bacterial","hsa05110","Vibrio cholerae infection","17/1767","51/9382",0.333333333333333,1.76985474438785,2.65544721407349,0.00972307719669406,0.0295074255795324,0.0163757089628531,"ACTB/ACTG1/ADCY9/ARF1/ATP6AP1/ATP6V0A2/ATP6V0D1/ATP6V1C1/ATP6V1G1/ATP6V1H/ERO1A/GNAS/PRKACB/PRKCA/SEC61B/SEC61G/SLC12A2",17
"Organismal Systems","Digestive system","hsa04971","Gastric acid secretion","23/1767","76/9382",0.302631578947368,1.60684180740476,2.55863687194128,0.0107517064181,0.032071329400999,0.0177985963196616,"ACTB/ACTG1/ADCY6/ADCY9/ATP1A1/ATP1B3/CALM1/CHRM3/EZR/GNAI1/GNAI2/GNAI3/GNAS/ITPR1/ITPR3/MYLK4/PLCB2/PLCB3/PRKACB/PRKCA/PRKCG/SLC4A2/SSTR2",23
"Human Diseases","Cancer: specific types","hsa05214","Glioma","23/1767","76/9382",0.302631578947368,1.60684180740476,2.55863687194128,0.0107517064181,0.032071329400999,0.0177985963196616,"AKT3/BAX/CALM1/CAMK1D/GADD45A/GADD45B/GADD45G/GRB2/IGF1R/KRAS/MAP2K2/NRAS/PDGFA/PIK3CA/PIK3CB/PIK3CD/PIK3R1/PIK3R3/POLK/PRKCA/PRKCG/SOS1/SOS2",23
"Environmental Information Processing","Signal transduction","hsa04340","Hedgehog signaling pathway","18/1767","56/9382",0.321428571428571,1.706645646374,2.55479398195231,0.011908709405144,0.0350180691155691,0.0194339457616188,"ARRB2/BTRC/CSNK1A1/CUL1/DISP1/EVC/EVC2/GPR161/HHAT/KIF3A/MEGF8/MGRN1/PRKACB/PTCH1/SMO/SMURF1/SPOP/SUFU",18
"Metabolism","Amino acid metabolism","hsa00280","Valine, leucine and isoleucine degradation","16/1767","48/9382",0.333333333333333,1.76985474438785,2.57574816949811,0.0119402585236468,0.0350180691155691,0.0194339457616188,"ABAT/ACAA2/ACADSB/ACAT2/ACSF3/ALDH1B1/ALDH3A2/DBT/DLD/EHHADH/HIBCH/HMGCL/HMGCS1/IL4I1/IVD/MCEE",16
"Organismal Systems","Development and regeneration","hsa04380","Osteoclast differentiation","38/1767","142/9382",0.267605633802817,1.4208693018325,2.4342396099425,0.0123361358190055,0.0358775950069409,0.0199109560587457,"AKT3/ATP2A2/CREB1/CSF1/CYBA/CYLD/FOSL1/GRB2/IFNAR1/IFNAR2/IFNGR2/IKBKB/IRF9/ITPR1/ITPR3/JUNB/MAP2K6/NFATC2/NFKB1/NFKB2/NFKBIA/PIK3CA/PIK3CB/PIK3CD/PIK3R1/PIK3R3/PPP3CB/PPP3R1/RAC1/RELB/SOCS3/SPI1/SQSTM1/STAT1/TAB1/TGFB1/TNF/TRAF6",38
"Organismal Systems","Endocrine system","hsa04910","Insulin signaling pathway","37/1767","138/9382",0.268115942028986,1.42357881613805,2.41463613693536,0.0130051867966602,0.0375108280333423,0.0208173498963504,"ACACB/AKT3/CALM1/CBLB/CRKL/FASN/FLOT1/GRB2/IKBKB/INSR/KRAS/MAP2K2/MKNK2/NRAS/PDE3B/PHKA1/PIK3CA/PIK3CB/PIK3CD/PIK3R1/PIK3R3/PPP1CA/PPP1CC/PRKAB1/PRKACB/PRKAG2/PRKCZ/PTPN1/PYGL/RAPGEF1/RPS6KB2/SOCS3/SOCS4/SOS1/SOS2/SREBF1/TSC1",37
"Metabolism","Global and overview maps","hsa01200","Carbon metabolism","32/1767","116/9382",0.275862068965517,1.46470737466581,2.42588550840559,0.0131676911449145,0.0376682312260258,0.0209047038021075,"ACAT2/ACO2/ACOX3/ALDOA/CAT/CS/DLD/DLST/ENO1/ENO2/G6PD/GAPDH/GLUD1/GLUD2/GPI/HIBCH/IDH1/IDH2/MCEE/MDH2/PFKL/PGAM1/PGD/PGK1/PGLS/PSPH/RPE/RPIA/SDHB/SHMT2/TKT/TPI1",32
"Environmental Information Processing","Signal transduction","hsa04151","PI3K-Akt signaling pathway","85/1767","362/9382",0.234806629834254,1.24672088347763,2.30602927802457,0.0142349968237881,0.0402479371645656,0.0223363608453629,"AKT3/ATF4/BRCA1/CDC37/CDKN1B/COL4A5/COL6A1/COL6A2/COL6A3/COL9A2/CREB1/CREB3L4/CREB5/CSF1/ERBB2/FGFR1/FLT3/GNB1/GNB4/GNG11/GNG5/GNG7/GRB2/HSP90AA1/HSP90AB1/HSP90B1/IFNAR1/IFNAR2/IGF1R/IKBKB/IL2RA/IL2RG/IL4R/IL6R/INSR/ITGA2/ITGA4/ITGA6/ITGB4/JAK2/JAK3/KRAS/LAMB2/LPAR2/LPAR5/LPAR6/MAP2K2/MYB/MYC/NFKB1/NRAS/OSM/PDGFA/PDGFD/PIK3CA/PIK3CB/PIK3CD/PIK3R1/PIK3R3/PKN1/PPP2CA/PPP2R1A/PPP2R3A/PPP2R5A/PPP2R5C/PRKCA/RAC1/RBL2/RPS6KB2/SGK1/SOS1/SOS2/SPP1/STK11/TEK/THBS1/TNXB/TSC1/VEGFA/VWF/YWHAE/YWHAG/YWHAH/YWHAQ/YWHAZ",85
"Organismal Systems","Immune system","hsa04612","Antigen processing and presentation","24/1767","82/9382",0.292682926829268,1.55401879995031,2.4271568523531,0.0143001266716508,0.0402479371645656,0.0223363608453629,"B2M/CALR/CREB1/HLA-A/HLA-B/HLA-DRB5/HLA-G/HSP90AA1/HSP90AB1/HSPA1B/HSPA1L/HSPA2/HSPA5/NFYA/PDIA3/PSME1/PSME2/PSME3/RFXANK/RFXAP/TAP1/TAP2/TAPBP/TNF",24
"Environmental Information Processing","Signal transduction","hsa04371","Apelin signaling pathway","37/1767","140/9382",0.264285714285714,1.40324197590751,2.31555264228408,0.0163422688647007,0.0456276146702444,0.0253219155461468,"ADCY6/ADCY9/AKT3/CALM1/CDH1/GNA13/GNAI1/GNAI2/GNAI3/GNB1/GNB4/GNG11/GNG5/GNG7/ITPR1/ITPR3/KRAS/MAP1LC3B/MAP2K2/MYLK4/NRAS/PDE3B/PIK3C3/PLCB2/PLCB3/PRKAB1/PRKACB/PRKAG2/RPS6KB2/RRAS2/RYR3/SERPINE1/SMAD2/SMAD3/SMAD4/SPHK1/SPP1",37
"Organismal Systems","Endocrine system","hsa04921","Oxytocin signaling pathway","40/1767","154/9382",0.25974025974026,1.37910759302949,2.28495125279951,0.0172093719976105,0.0476672287870324,0.0264538383254832,"ACTB/ACTG1/ADCY6/ADCY9/CACNA1D/CACNA1F/CALM1/CAMK1D/EEF2K/GNAI1/GNAI2/GNAI3/GNAS/ITPR1/ITPR3/KRAS/MAP2K2/MYL6/MYLK4/NFATC2/NFATC4/NPR2/NRAS/PLCB2/PLCB3/PPP1CA/PPP1CC/PPP1R12B/PPP3CB/PPP3R1/PRKAB1/PRKACB/PRKAG2/PRKCA/PRKCG/PTGS2/RGS2/RHOA/ROCK2/RYR3",40
"Organismal Systems","Endocrine system","hsa04918","Thyroid hormone synthesis","22/1767","75/9382",0.293333333333333,1.55747217506131,2.33483857072112,0.0180180998630019,0.0495143059227376,0.027478909032676,"ADCY6/ADCY9/ATF4/ATP1A1/ATP1B3/CREB1/CREB3L4/CREB5/FXYD2/GNAS/GPX1/GPX7/GSR/HSP90B1/HSPA5/ITPR1/ITPR3/PLCB2/PLCB3/PRKACB/PRKCA/PRKCG",22
"Human Diseases","Cancer: specific types","hsa05226","Gastric cancer","39/1767","150/9382",0.26,1.38048670062252,2.26279443370543,0.018193428286739,0.0496055193130619,0.0275295296444078,"AKT3/APC2/BAX/CDH1/CDKN1B/CSNK1A1/CTNNB1/DVL2/ERBB2/FZD1/FZD3/FZD4/FZD8/GAB1/GADD45A/GADD45B/GADD45G/GRB2/JUP/KRAS/LRP5/MAP2K2/MYC/NRAS/PIK3CA/PIK3CB/PIK3CD/PIK3R1/PIK3R3/POLK/RPS6KB2/RXRB/SMAD2/SMAD3/SMAD4/SOS1/SOS2/TCF7/TGFB1",39
